mode,workers,payload,n_images,total_s,spawn_s,throughput_ips,cpu_mean,busy_cores,ram_delta_mb,ctx_switches_per_s,dataset,repeat,order_idx
process,16,scalar,27000,4.1671,0.0262,6479.3,99.25,7.94,193.6,42884.9,MS,0,0
thread,8,array,27000,20.4532,0.0004,1320.1,25.55,2.04,27.1,113763.0,MS,0,1
thread,1,array,27000,20.5761,0.0005,1312.2,20.87,1.67,28.8,33134.7,MS,0,2
process,8,array,27000,6.2662,0.0162,4308.9,91.65,7.33,350.0,62771.0,MS,0,3
thread,4,scalar,27000,19.4332,0.0005,1389.4,24.5,1.96,15.9,103090.0,MS,0,4
process,1,array,27000,33.1091,0.0053,815.5,19.3,1.54,112.0,26695.5,MS,0,5
process,16,array,27000,6.7121,0.0322,4022.6,85.42,6.83,822.0,65061.9,MS,0,6
process,4,scalar,27000,5.3269,0.0114,5068.6,60.97,4.88,36.6,63833.8,MS,0,7
thread,16,array,27000,20.5666,0.0005,1312.8,25.89,2.07,69.0,112065.8,MS,0,8
process,2,array,27000,16.2779,0.0093,1658.7,31.5,2.52,144.1,46997.6,MS,0,9
process,2,scalar,27000,9.8178,0.0087,2750.1,33.33,2.67,47.4,38068.1,MS,0,10
process,4,array,27000,9.402,0.0124,2871.7,56.33,4.51,190.1,73122.8,MS,0,11
thread,8,scalar,27000,21.0605,0.0004,1282.0,25.28,2.02,12.3,113218.5,MS,0,12
sequential,0,scalar,27000,18.1658,0.0,1486.3,20.46,1.64,13.5,24616.9,MS,0,13
thread,16,scalar,27000,21.1809,0.001,1274.7,25.25,2.02,5.7,111531.5,MS,0,14
thread,4,array,27000,18.4292,0.0004,1465.1,25.09,2.01,8.4,104664.9,MS,0,15
process,1,scalar,27000,18.4244,0.0054,1465.4,21.18,1.69,13.0,24397.0,MS,0,16
thread,1,scalar,27000,20.5862,0.0005,1311.6,20.87,1.67,25.8,32366.9,MS,0,17
thread,2,scalar,27000,18.3718,0.0003,1469.6,24.2,1.94,11.0,61461.7,MS,0,18
sequential,0,array,27000,17.5986,0.0,1534.2,21.02,1.68,8.6,25049.6,MS,0,19
thread,2,array,27000,17.8514,0.0003,1512.5,24.67,1.97,4.7,60759.5,MS,0,20
process,8,scalar,27000,3.9586,0.0216,6820.6,99.24,7.94,57.6,49903.2,MS,0,21
thread,1,array,27000,20.2949,0.0004,1330.4,20.38,1.63,5.5,32811.8,MS,1,22
thread,8,scalar,27000,21.264,0.0006,1269.8,25.19,2.02,0.0,112281.6,MS,1,23
process,2,array,27000,17.6878,0.0093,1526.5,31.22,2.5,155.7,43513.4,MS,1,24
process,4,scalar,27000,5.7336,0.0128,4709.1,59.79,4.78,37.1,56038.2,MS,1,25
process,1,scalar,27000,19.2292,0.0058,1404.1,20.84,1.67,12.7,23709.4,MS,1,26
process,16,scalar,27000,4.0194,0.0346,6717.3,98.73,7.9,110.7,41615.3,MS,1,27
process,16,array,27000,6.7395,0.0352,4006.3,86.14,6.89,928.8,64552.9,MS,1,28
process,1,array,27000,31.0054,0.0064,870.8,19.65,1.57,119.6,28151.0,MS,1,29
thread,8,array,27000,20.1356,0.0003,1340.9,25.6,2.05,4.8,115343.5,MS,1,30
thread,16,array,27000,20.4001,0.0004,1323.5,25.84,2.07,17.2,112996.6,MS,1,31
thread,2,scalar,27000,18.951,0.0005,1424.7,24.2,1.94,2.2,60241.9,MS,1,32
sequential,0,array,27000,18.1034,0.0,1491.4,20.72,1.66,3.6,24499.3,MS,1,33
process,8,array,27000,6.129,0.0255,4405.3,92.98,7.44,347.5,63663.2,MS,1,34
thread,1,scalar,27000,21.1437,0.0006,1277.0,21.0,1.68,31.4,31667.9,MS,1,35
process,8,scalar,27000,4.0598,0.0239,6650.6,99.09,7.93,54.6,46891.8,MS,1,36
process,2,scalar,27000,9.6296,0.0112,2803.8,33.32,2.67,-1.1,38341.5,MS,1,37
thread,2,array,27000,17.7516,0.0004,1521.0,24.76,1.98,10.6,60978.2,MS,1,38
thread,16,scalar,27000,21.2183,0.0003,1272.5,25.14,2.01,15.7,111525.9,MS,1,39
process,4,array,27000,9.76,0.0129,2766.4,55.96,4.48,197.8,70361.1,MS,1,40
thread,4,array,27000,18.7035,0.0005,1443.6,25.29,2.02,6.5,103024.4,MS,1,41
thread,4,scalar,27000,19.5694,0.0005,1379.7,25.01,2.0,2.3,102483.7,MS,1,42
sequential,0,scalar,27000,18.1793,0.0,1485.2,20.96,1.68,0.6,24434.5,MS,1,43
thread,8,scalar,27000,20.79,0.0003,1298.7,25.17,2.01,6.3,114694.7,MS,2,44
thread,2,scalar,27000,18.5509,0.0003,1455.5,24.25,1.94,10.5,60958.4,MS,2,45
process,4,scalar,27000,5.094,0.0138,5300.4,61.29,4.9,38.4,65590.1,MS,2,46
process,8,scalar,27000,3.9808,0.0212,6782.5,99.66,7.97,63.1,45276.2,MS,2,47
process,8,array,27000,6.4487,0.0214,4186.9,88.23,7.06,390.1,66679.0,MS,2,48
process,4,array,27000,9.7886,0.0137,2758.3,55.8,4.46,220.0,70163.0,MS,2,49
thread,16,array,27000,20.1225,0.0004,1341.8,25.41,2.03,16.4,114417.3,MS,2,50
thread,1,array,27000,20.222,0.0005,1335.2,20.38,1.63,16.2,32930.1,MS,2,51
thread,16,scalar,27000,21.0631,0.0009,1281.9,25.56,2.04,9.0,112159.8,MS,2,52
process,16,scalar,27000,4.0228,0.0361,6711.7,99.58,7.97,126.5,47298.2,MS,2,53
thread,4,scalar,27000,19.3226,0.0003,1397.3,24.93,1.99,10.6,103677.1,MS,2,54
sequential,0,scalar,27000,18.0824,0.0,1493.2,20.86,1.67,35.3,24605.0,MS,2,55
process,2,scalar,27000,9.487,0.0089,2846.0,34.09,2.73,8.7,39257.1,MS,2,56
sequential,0,array,27000,17.598,0.0,1534.3,21.09,1.69,17.0,25110.8,MS,2,57
thread,4,array,27000,18.2727,0.0003,1477.6,25.19,2.02,4.4,105751.3,MS,2,58
thread,1,scalar,27000,20.5612,0.001,1313.2,20.33,1.63,2.5,32484.3,MS,2,59
process,1,array,27000,32.4669,0.0063,831.6,19.62,1.57,100.9,26922.4,MS,2,60
thread,8,array,27000,19.9541,0.0003,1353.1,26.19,2.09,15.1,116477.9,MS,2,61
thread,2,array,27000,17.8535,0.0006,1512.3,24.58,1.97,8.4,61029.3,MS,2,62
process,1,scalar,27000,18.855,0.0065,1432.0,20.84,1.67,21.6,24012.1,MS,2,63
process,16,array,27000,6.5413,0.0389,4127.6,88.59,7.09,791.5,60694.5,MS,2,64
process,2,array,27000,16.629,0.0103,1623.7,31.45,2.52,152.2,45532.6,MS,2,65
