mode,workers,total_s,throughput_ips,read_mb_s,cpu_mean,busy_cores,dataset,cache,repeat
thread,8,11.9375,2261.8,7.3,29.2,2.34,RGB,warm,0
process,2,5.8092,4647.8,15.1,35.5,2.84,RGB,warm,0
process,4,3.3455,8070.6,26.2,62.4,4.99,RGB,warm,0
process,1,11.1381,2424.1,7.9,22.3,1.78,RGB,warm,0
process,16,2.1485,12566.9,40.8,98.7,7.9,RGB,warm,0
sequential,0,10.8731,2483.2,8.1,22.9,1.83,RGB,warm,0
process,8,2.216,12184.2,39.5,98.8,7.9,RGB,warm,0
process,8,2.5449,10609.5,34.4,96.1,7.69,RGB,cold,0
process,16,2.4023,11239.0,36.5,98.6,7.89,RGB,cold,0
process,4,3.9927,6762.4,21.9,64.7,5.18,RGB,cold,0
process,2,7.3111,3693.0,12.0,39.1,3.13,RGB,cold,0
thread,8,12.3374,2188.5,7.1,32.0,2.56,RGB,cold,0
process,1,13.677,1974.1,6.4,22.1,1.77,RGB,cold,0
sequential,0,13.5558,1991.8,6.5,22.3,1.78,RGB,cold,0
process,8,2.1203,12734.3,41.3,98.6,7.89,RGB,warm,1
process,16,2.1561,12522.9,40.6,98.8,7.9,RGB,warm,1
thread,8,11.8804,2272.7,7.4,28.9,2.31,RGB,warm,1
process,2,5.7134,4725.7,15.3,35.7,2.86,RGB,warm,1
process,4,3.3735,8003.6,26.0,62.4,4.99,RGB,warm,1
sequential,0,10.7476,2512.2,8.1,22.1,1.77,RGB,warm,1
process,1,10.9616,2463.2,8.0,22.6,1.81,RGB,warm,1
sequential,0,13.8312,1952.1,6.3,22.0,1.76,RGB,cold,1
process,8,2.5663,10521.0,34.1,95.5,7.64,RGB,cold,1
process,1,13.7101,1969.4,6.4,22.8,1.82,RGB,cold,1
process,16,2.4332,11096.3,36.0,99.0,7.92,RGB,cold,1
process,2,7.0622,3823.2,12.4,37.3,2.98,RGB,cold,1
thread,8,12.3606,2184.4,7.1,32.6,2.61,RGB,cold,1
process,4,3.9238,6881.0,22.3,64.9,5.19,RGB,cold,1
process,16,2.1247,12707.6,41.2,98.8,7.9,RGB,warm,2
process,1,10.955,2464.6,8.0,22.6,1.81,RGB,warm,2
process,2,5.8477,4617.2,15.0,35.9,2.87,RGB,warm,2
process,8,2.1693,12446.4,40.4,98.9,7.91,RGB,warm,2
sequential,0,10.7111,2520.8,8.2,22.6,1.81,RGB,warm,2
thread,8,11.9863,2252.6,7.3,29.3,2.34,RGB,warm,2
process,4,3.0311,8907.8,28.9,63.8,5.1,RGB,warm,2
process,8,2.561,10542.6,34.2,95.6,7.65,RGB,cold,2
sequential,0,13.5877,1987.1,6.4,22.7,1.82,RGB,cold,2
thread,8,12.5078,2158.6,7.0,31.9,2.55,RGB,cold,2
process,4,3.9624,6814.1,22.1,65.2,5.22,RGB,cold,2
process,1,13.8853,1944.5,6.3,23.6,1.89,RGB,cold,2
process,16,2.5031,10786.8,35.0,98.7,7.9,RGB,cold,2
process,2,7.2645,3716.7,12.1,36.3,2.9,RGB,cold,2
thread,8,21.3939,1262.0,129.1,24.9,1.99,MS,warm,0
process,2,10.0588,2684.2,274.5,33.3,2.66,MS,warm,0
process,4,5.5471,4867.4,497.8,60.8,4.86,MS,warm,0
process,1,19.2772,1400.6,143.2,20.1,1.61,MS,warm,0
process,16,4.3115,6262.3,640.5,99.2,7.94,MS,warm,0
sequential,0,19.2155,1405.1,143.7,19.5,1.56,MS,warm,0
process,8,4.1198,6553.8,670.3,99.5,7.96,MS,warm,0
process,8,4.9685,5434.2,555.8,92.8,7.42,MS,cold,0
process,16,4.6008,5868.5,600.2,99.0,7.92,MS,cold,0
process,4,7.5882,3558.1,363.9,60.4,4.83,MS,cold,0
process,2,13.7152,1968.6,201.3,32.2,2.58,MS,cold,0
thread,8,22.2358,1214.3,124.2,27.5,2.2,MS,cold,0
process,1,26.4874,1019.4,104.3,20.1,1.61,MS,cold,0
sequential,0,25.9247,1041.5,106.5,19.9,1.59,MS,cold,0
process,8,4.0642,6643.3,679.4,99.3,7.94,MS,warm,1
process,16,4.197,6433.2,658.0,98.8,7.9,MS,warm,1
thread,8,21.4263,1260.1,128.9,25.5,2.04,MS,warm,1
process,2,10.0554,2685.1,274.6,33.6,2.69,MS,warm,1
process,4,5.3148,5080.2,519.6,61.2,4.9,MS,warm,1
sequential,0,19.038,1418.2,145.0,20.7,1.66,MS,warm,1
process,1,18.9987,1421.1,145.3,20.7,1.66,MS,warm,1
sequential,0,25.7297,1049.4,107.3,20.7,1.66,MS,cold,1
process,8,4.8716,5542.3,566.8,92.6,7.41,MS,cold,1
process,1,26.3681,1024.0,104.7,20.3,1.62,MS,cold,1
process,16,4.5143,5981.0,611.7,99.3,7.94,MS,cold,1
process,2,13.2961,2030.7,207.7,33.0,2.64,MS,cold,1
thread,8,21.6422,1247.6,127.6,27.0,2.16,MS,cold,1
process,4,7.3431,3676.9,376.1,59.8,4.78,MS,cold,1
process,16,4.0933,6596.2,674.6,99.0,7.92,MS,warm,2
process,1,19.1604,1409.2,144.1,20.6,1.65,MS,warm,2
process,2,9.9285,2719.4,278.1,33.6,2.69,MS,warm,2
process,8,4.1609,6489.0,663.7,99.3,7.94,MS,warm,2
sequential,0,19.3213,1397.4,142.9,20.2,1.62,MS,warm,2
thread,8,21.5522,1252.8,128.1,25.7,2.06,MS,warm,2
process,4,5.3156,5079.4,519.5,61.2,4.9,MS,warm,2
process,8,4.9671,5435.8,555.9,92.9,7.43,MS,cold,2
sequential,0,26.148,1032.6,105.6,20.1,1.61,MS,cold,2
thread,8,21.9104,1232.3,126.0,27.4,2.19,MS,cold,2
process,4,7.4066,3645.4,372.8,59.8,4.78,MS,cold,2
process,1,26.1085,1034.1,105.8,20.1,1.61,MS,cold,2
process,16,4.5675,5911.3,604.6,99.3,7.94,MS,cold,2
process,2,13.7975,1956.9,200.1,32.6,2.61,MS,cold,2
