dataset,mode,workers,payload,n,total_s_mean,total_s_sd,throughput_ips,speedup,efficiency,busy_cores,ram_delta_mb,ctx_switches_per_s,spawn_s
RGB,sequential,0,array,3,10.447,0.212,2585.0,1.0,,1.78,3.1,36340.0,0.0
RGB,thread,1,array,3,11.727,0.289,2303.3,0.891,0.891,1.75,18.1,42878.0,0.001
RGB,thread,2,array,3,9.815,0.317,2752.9,1.064,0.532,2.21,23.3,85868.0,0.001
RGB,thread,4,array,3,10.328,0.362,2616.4,1.012,0.253,2.46,23.4,144103.0,0.0
RGB,thread,8,array,3,11.432,0.097,2362.0,0.914,0.114,2.43,16.4,146092.0,0.001
RGB,thread,16,array,3,11.382,0.272,2373.1,0.918,0.057,2.43,30.8,144916.0,0.0
RGB,process,1,array,3,13.071,0.15,2065.8,0.799,0.799,1.7,54.8,36279.0,0.005
RGB,process,2,array,3,6.927,0.149,3898.9,1.508,0.754,2.75,65.7,60711.0,0.007
RGB,process,4,array,3,3.897,0.106,6931.2,2.681,0.67,4.94,103.2,94235.0,0.009
RGB,process,8,array,3,2.467,0.061,10947.3,4.234,0.529,7.61,154.1,71977.0,0.013
RGB,process,16,array,3,2.596,0.046,10401.2,4.024,0.251,7.28,366.6,63536.0,0.023
RGB,sequential,0,scalar,3,10.848,0.406,2491.3,1.0,,1.79,3.4,35231.0,0.0
RGB,thread,1,scalar,3,12.892,0.389,2095.5,0.841,0.841,1.73,30.6,39562.0,0.0
RGB,thread,2,scalar,3,10.307,0.207,2620.2,1.052,0.526,2.22,24.8,85031.0,0.0
RGB,thread,4,scalar,3,11.036,0.336,2448.1,0.983,0.246,2.38,27.7,141790.0,0.0
RGB,thread,8,scalar,3,12.031,0.412,2245.9,0.902,0.113,2.35,31.8,144138.0,0.0
RGB,thread,16,scalar,3,12.018,0.237,2247.2,0.903,0.056,2.37,16.9,142389.0,0.001
RGB,process,1,scalar,3,10.858,0.1,2486.7,0.999,0.999,1.79,9.2,35369.0,0.005
RGB,process,2,scalar,3,5.684,0.047,4750.2,1.908,0.954,2.85,10.2,59163.0,0.007
RGB,process,4,scalar,3,3.269,0.189,8278.6,3.318,0.83,5.04,19.8,84435.0,0.008
RGB,process,8,scalar,3,2.158,0.065,12521.3,5.028,0.628,7.88,24.2,66593.0,0.014
RGB,process,16,scalar,3,2.182,0.038,12373.7,4.97,0.311,7.88,67.5,50776.0,0.022
MS,sequential,0,array,3,17.767,0.292,1520.0,1.0,,1.68,9.7,24887.0,0.0
MS,thread,1,array,3,20.364,0.187,1325.9,0.872,0.872,1.64,16.8,32959.0,0.0
MS,thread,2,array,3,17.819,0.058,1515.3,0.997,0.499,1.97,7.9,60922.0,0.0
MS,thread,4,array,3,18.468,0.218,1462.1,0.962,0.241,2.02,6.4,104480.0,0.0
MS,thread,8,array,3,20.181,0.253,1338.0,0.88,0.11,2.06,15.7,115195.0,0.0
MS,thread,16,array,3,20.363,0.224,1326.0,0.872,0.055,2.06,34.2,113160.0,0.0
MS,process,1,array,3,32.194,1.078,839.3,0.552,0.552,1.56,110.8,27256.0,0.006
MS,process,2,array,3,16.865,0.734,1603.0,1.053,0.527,2.51,150.7,45348.0,0.01
MS,process,4,array,3,9.65,0.215,2798.8,1.841,0.46,4.48,202.6,71216.0,0.013
MS,process,8,array,3,6.281,0.16,4300.4,2.829,0.354,7.28,362.5,64371.0,0.021
MS,process,16,array,3,6.664,0.107,4052.2,2.666,0.167,6.94,847.4,63436.0,0.035
MS,sequential,0,scalar,3,18.143,0.052,1488.2,1.0,,1.66,16.5,24552.0,0.0
MS,thread,1,scalar,3,20.764,0.329,1300.6,0.874,0.874,1.66,19.9,32173.0,0.001
MS,thread,2,scalar,3,18.625,0.297,1449.9,0.974,0.487,1.94,7.9,60887.0,0.0
MS,thread,4,scalar,3,19.442,0.124,1388.8,0.933,0.233,1.98,9.6,103084.0,0.0
MS,thread,8,scalar,3,21.038,0.238,1283.5,0.862,0.108,2.02,6.2,113398.0,0.0
MS,thread,16,scalar,3,21.154,0.081,1276.4,0.858,0.054,2.02,10.1,111739.0,0.001
MS,process,1,scalar,3,18.836,0.403,1433.8,0.963,0.963,1.68,15.8,24040.0,0.006
MS,process,2,scalar,3,9.645,0.166,2800.0,1.881,0.941,2.69,18.3,38556.0,0.01
MS,process,4,scalar,3,5.385,0.324,5026.0,3.369,0.842,4.85,37.4,61821.0,0.013
MS,process,8,scalar,3,4.0,0.053,6751.2,4.536,0.567,7.95,58.4,47357.0,0.022
MS,process,16,scalar,3,4.07,0.084,6636.1,4.458,0.279,7.94,143.6,43933.0,0.032
