dataset,n_images,mode,workers,payload,repeat,total_s,throughput_ips
RGB,500,process,4,scalar,0,0.0947,5281.9
RGB,500,sequential,0,scalar,0,0.2049,2440.2
RGB,500,process,4,array,0,0.0986,5073.1
RGB,500,process,8,array,0,0.089,5619.2
RGB,500,sequential,0,array,0,0.1981,2524.3
RGB,500,process,8,scalar,0,0.0712,7024.6
RGB,500,process,8,scalar,1,0.0669,7470.5
RGB,500,process,8,array,1,0.1,4998.1
RGB,500,process,4,scalar,1,0.0757,6606.8
RGB,500,sequential,0,scalar,1,0.2008,2490.3
RGB,500,process,4,array,1,0.1018,4913.1
RGB,500,sequential,0,array,1,0.2007,2491.8
RGB,500,process,4,array,2,0.1035,4831.2
RGB,500,sequential,0,scalar,2,0.2043,2446.9
RGB,500,process,8,scalar,2,0.0666,7503.1
RGB,500,sequential,0,array,2,0.2015,2481.4
RGB,500,process,8,array,2,0.0916,5460.2
RGB,500,process,4,scalar,2,0.0776,6439.9
RGB,2000,process,4,scalar,0,0.2539,7878.3
RGB,2000,sequential,0,scalar,0,0.8106,2467.4
RGB,2000,process,4,array,0,0.3339,5989.2
RGB,2000,process,8,array,0,0.2408,8307.3
RGB,2000,sequential,0,array,0,0.7759,2577.7
RGB,2000,process,8,scalar,0,0.1901,10523.4
RGB,2000,process,8,scalar,1,0.193,10363.7
RGB,2000,process,8,array,1,0.2363,8463.9
RGB,2000,process,4,scalar,1,0.2781,7190.9
RGB,2000,sequential,0,scalar,1,0.7893,2533.8
RGB,2000,process,4,array,1,0.3353,5965.5
RGB,2000,sequential,0,array,1,0.7885,2536.6
RGB,2000,process,4,array,2,0.3533,5660.4
RGB,2000,sequential,0,scalar,2,0.806,2481.4
RGB,2000,process,8,scalar,2,0.2002,9992.2
RGB,2000,sequential,0,array,2,0.7746,2582.0
RGB,2000,process,8,array,2,0.2443,8186.4
RGB,2000,process,4,scalar,2,0.2751,7270.3
RGB,8000,process,4,scalar,0,0.9438,8476.5
RGB,8000,sequential,0,scalar,0,3.2483,2462.8
RGB,8000,process,4,array,0,1.2534,6382.8
RGB,8000,process,8,array,0,0.8433,9486.2
RGB,8000,sequential,0,array,0,3.1318,2554.4
RGB,8000,process,8,scalar,0,0.6802,11761.0
RGB,8000,process,8,scalar,1,0.6786,11788.8
RGB,8000,process,8,array,1,0.8556,9350.7
RGB,8000,process,4,scalar,1,1.0506,7614.6
RGB,8000,sequential,0,scalar,1,3.2044,2496.6
RGB,8000,process,4,array,1,1.24,6451.5
RGB,8000,sequential,0,array,1,3.1324,2554.0
RGB,8000,process,4,array,2,1.2531,6384.4
RGB,8000,sequential,0,scalar,2,3.2357,2472.4
RGB,8000,process,8,scalar,2,0.6765,11826.1
RGB,8000,sequential,0,array,2,3.0831,2594.8
RGB,8000,process,8,array,2,0.8449,9468.8
RGB,8000,process,4,scalar,2,0.9463,8454.1
RGB,25500,process,4,scalar,0,3.2011,7966.1
RGB,25500,sequential,0,scalar,0,10.3058,2474.3
RGB,25500,process,4,array,0,3.6394,7006.6
RGB,25500,process,8,array,0,2.3756,10734.2
RGB,25500,sequential,0,array,0,9.8855,2579.5
RGB,25500,process,8,scalar,0,2.0567,12398.5
RGB,25500,process,8,scalar,1,2.0906,12197.4
RGB,25500,process,8,array,1,2.3768,10728.8
RGB,25500,process,4,scalar,1,3.4114,7475.0
RGB,25500,sequential,0,scalar,1,10.1017,2524.3
RGB,25500,process,4,array,1,3.6555,6975.8
RGB,25500,sequential,0,array,1,10.0618,2534.3
RGB,25500,process,4,array,2,3.6531,6980.3
RGB,25500,sequential,0,scalar,2,10.1714,2507.0
RGB,25500,process,8,scalar,2,2.0902,12199.9
RGB,25500,sequential,0,array,2,9.9055,2574.3
RGB,25500,process,8,array,2,2.3892,10673.0
RGB,25500,process,4,scalar,2,2.9625,8607.7
MS,500,process,4,scalar,0,0.1493,3349.4
MS,500,sequential,0,scalar,0,0.3443,1452.4
MS,500,process,4,array,0,0.2635,1897.7
MS,500,process,8,array,0,0.2636,1897.1
MS,500,sequential,0,array,0,0.3162,1581.4
MS,500,process,8,scalar,0,0.1072,4664.2
MS,500,process,8,scalar,1,0.1177,4247.9
MS,500,process,8,array,1,0.2955,1692.1
MS,500,process,4,scalar,1,0.1525,3278.4
MS,500,sequential,0,scalar,1,0.3327,1502.8
MS,500,process,4,array,1,0.278,1798.8
MS,500,sequential,0,array,1,0.3245,1541.0
MS,500,process,4,array,2,0.2614,1912.9
MS,500,sequential,0,scalar,2,0.3485,1434.7
MS,500,process,8,scalar,2,0.1089,4591.6
MS,500,sequential,0,array,2,0.3352,1491.8
MS,500,process,8,array,2,0.2858,1749.6
MS,500,process,4,scalar,2,0.1475,3390.2
MS,2000,process,4,scalar,0,0.4941,4047.7
MS,2000,sequential,0,scalar,0,1.3965,1432.2
MS,2000,process,4,array,0,0.7994,2501.8
MS,2000,process,8,array,0,0.6496,3078.6
MS,2000,sequential,0,array,0,1.3439,1488.3
MS,2000,process,8,scalar,0,0.3582,5583.2
MS,2000,process,8,scalar,1,0.3492,5727.1
MS,2000,process,8,array,1,0.6304,3172.4
MS,2000,process,4,scalar,1,0.4368,4578.7
MS,2000,sequential,0,scalar,1,1.369,1460.9
MS,2000,process,4,array,1,0.8164,2449.7
MS,2000,sequential,0,array,1,1.3571,1473.7
MS,2000,process,4,array,2,0.819,2442.1
MS,2000,sequential,0,scalar,2,1.3638,1466.5
MS,2000,process,8,scalar,2,0.3476,5754.1
MS,2000,sequential,0,array,2,1.3257,1508.7
MS,2000,process,8,array,2,0.6423,3113.7
MS,2000,process,4,scalar,2,0.4429,4515.9
MS,8000,process,4,scalar,0,1.6488,4852.0
MS,8000,sequential,0,scalar,0,5.4779,1460.4
MS,8000,process,4,array,0,2.976,2688.2
MS,8000,process,8,array,0,2.0209,3958.7
MS,8000,sequential,0,array,0,5.4434,1469.7
MS,8000,process,8,scalar,0,1.2895,6203.8
MS,8000,process,8,scalar,1,1.2718,6290.5
MS,8000,process,8,array,1,2.0776,3850.5
MS,8000,process,4,scalar,1,1.8498,4324.7
MS,8000,sequential,0,scalar,1,5.5235,1448.4
MS,8000,process,4,array,1,3.046,2626.4
MS,8000,sequential,0,array,1,5.4432,1469.7
MS,8000,process,4,array,2,2.9654,2697.8
MS,8000,sequential,0,scalar,2,5.5122,1451.3
MS,8000,process,8,scalar,2,1.2496,6402.3
MS,8000,sequential,0,array,2,5.3645,1491.3
MS,8000,process,8,array,2,2.0572,3888.8
MS,8000,process,4,scalar,2,1.7567,4554.0
MS,25500,process,4,scalar,0,4.9563,5144.9
MS,25500,sequential,0,scalar,0,17.8453,1428.9
MS,25500,process,4,array,0,9.4876,2687.7
MS,25500,process,8,array,0,5.9255,4303.4
MS,25500,sequential,0,array,0,17.1116,1490.2
MS,25500,process,8,scalar,0,3.7721,6760.2
MS,25500,process,8,scalar,1,3.5831,7116.7
MS,25500,process,8,array,1,6.0175,4237.6
MS,25500,process,4,scalar,1,5.0474,5052.1
MS,25500,sequential,0,scalar,1,17.8667,1427.2
MS,25500,process,4,array,1,9.3189,2736.4
MS,25500,sequential,0,array,1,17.5941,1449.4
MS,25500,process,4,array,2,9.3401,2730.2
MS,25500,sequential,0,scalar,2,17.8162,1431.3
MS,25500,process,8,scalar,2,3.9378,6475.7
MS,25500,sequential,0,array,2,17.7929,1433.2
MS,25500,process,8,array,2,6.3471,4017.6
MS,25500,process,4,scalar,2,5.3,4811.4
