dataset,mode,method,workers,repeat,order_idx,status,n_images,epochs,batch,torch_threads,cores_physical,cores_logical,gpu_name,total_s,startup_s,epoch1_s,steady_epoch_s,throughput_ips,steady_ips,loader_block_pct,bound_ips,train_acc_last,cpu_mean,cpu_max,busy_cores,ram_delta_mb,ram_proc_max_mb,ram_sys_max_mb,ctx_switches_per_s,gpu_util_mean,gpu_idle_pct,vram_max_mb,sm_clock_mean,sm_clock_min,temp_start,temp_mean,temp_max,power_mean_w,throttle_limit_pct,throttle_thermal_pct,throttle_power_pct,n_samples
MS,FULL,process,2,0,0,ok,27000,2,64,2,2,4,Tesla T4,163.393,0.298,81.586,81.802,329.81,329.38,0.78,322.49,0.9011,46.16,63.6,1.85,174.8,3827.9,1987.41,4400.9,99.57,0.43,2195.19,801.93,585.0,73.0,76.97,78.0,66.09,99.8,0.0,99.8,619
MS,FULL,thread,8,0,1,ok,27000,2,64,2,2,4,Tesla T4,165.27,0.924,82.753,82.516,326.06,326.53,1.2,322.49,0.9003,42.57,64.5,1.7,276.8,2100.75,2092.55,7763.6,98.83,1.17,2223.19,794.74,585.0,72.0,77.1,79.0,65.78,98.9,0.0,98.9,624
MS,FULL,thread,1,0,2,ok,27000,2,64,2,2,4,Tesla T4,164.3,0.164,81.868,82.431,327.99,326.87,53.73,322.49,0.9017,26.91,52.4,1.08,37.9,2064.09,2052.34,4502.2,99.28,0.72,2219.19,796.85,585.0,72.0,77.03,78.0,66.06,99.7,0.0,99.7,623
MS,FULL,process,3,0,3,ok,27000,2,64,2,2,4,Tesla T4,163.794,0.39,81.959,81.833,329.0,329.26,0.68,322.49,0.9024,45.8,79.8,1.83,172.9,5956.27,2183.48,4159.3,99.69,0.31,2081.19,796.74,585.0,73.0,77.07,78.0,66.06,99.7,0.0,99.7,621
MS,FULL,process,4,0,4,ok,27000,2,64,2,2,4,Tesla T4,163.379,0.403,82.018,81.358,329.83,331.18,0.63,322.49,0.8991,46.25,85.6,1.85,205.8,7435.48,2236.0,4190.3,99.76,0.24,2457.19,800.79,585.0,73.0,77.04,78.0,66.14,99.8,0.0,99.8,619
MS,FULL,process,1,0,5,ok,27000,2,64,2,2,4,Tesla T4,164.487,0.264,82.659,81.826,327.61,329.28,41.69,322.49,0.899,33.37,59.4,1.33,134.0,3316.87,2145.37,4275.0,99.14,0.86,2075.19,799.93,585.0,73.0,77.09,78.0,66.04,99.7,0.0,99.7,624
MS,FULL,process,8,0,6,ok,27000,2,64,2,2,4,Tesla T4,164.773,0.723,82.522,82.247,327.04,327.6,0.85,322.49,0.8993,45.93,97.2,1.84,295.1,12884.11,2370.38,4139.8,99.5,0.5,2075.19,792.13,585.0,73.0,77.09,79.0,66.06,99.5,0.0,99.5,622
MS,FULL,thread,2,0,7,ok,27000,2,64,2,2,4,Tesla T4,163.321,0.244,81.771,81.548,329.95,330.41,0.86,322.49,0.8986,42.62,58.7,1.7,60.3,2077.2,2097.81,5459.4,99.68,0.32,2075.19,798.3,585.0,73.0,77.06,78.0,66.18,99.8,0.0,99.8,619
MS,FULL,thread,4,0,8,ok,27000,2,64,2,2,4,Tesla T4,164.268,0.39,82.137,82.13,328.05,328.07,0.74,322.49,0.9026,43.03,65.2,1.72,135.6,2155.45,2148.84,6487.0,99.46,0.54,2075.19,792.18,585.0,73.0,77.09,79.0,66.08,99.5,0.0,99.5,622
MS,FULL,sequential,0,0,9,ok,27000,2,64,2,2,4,Tesla T4,186.934,0.199,84.811,102.122,288.27,263.84,94.21,322.49,0.8976,17.06,36.8,0.68,11.0,2064.4,2071.12,3487.1,87.36,12.64,2075.19,883.96,585.0,73.0,77.0,79.0,63.55,95.1,0.0,95.1,708
MS,FULL,sequential_nopin,0,0,10,ok,27000,2,64,2,2,4,Tesla T4,184.656,0.149,96.455,88.201,291.83,305.48,91.39,164.51,0.9007,16.82,37.1,0.67,23.1,2072.61,2051.67,3568.1,87.31,12.69,2075.19,884.57,585.0,74.0,77.09,78.0,64.5,98.6,0.0,98.6,699
MS,FULL,process,6,0,11,ok,27000,2,64,2,2,4,Tesla T4,164.007,0.595,82.16,81.842,328.57,329.22,0.74,322.49,0.9013,47.19,93.1,1.89,255.7,10243.79,2313.28,4240.6,99.52,0.48,2075.19,797.64,585.0,73.0,76.98,79.0,66.09,99.5,0.0,99.5,620
MS,FULL,process,6,1,12,ok,27000,2,64,2,2,4,Tesla T4,164.81,0.784,82.717,82.089,326.97,328.23,0.81,322.49,0.8979,47.14,82.7,1.89,205.9,10213.44,2322.0,4221.9,99.58,0.42,2075.19,790.45,585.0,73.0,77.13,80.0,66.01,99.5,0.0,99.5,623
MS,FULL,sequential_nopin,0,1,13,ok,27000,2,64,2,2,4,Tesla T4,201.403,0.196,99.749,101.653,267.56,265.06,93.6,164.51,0.8952,15.69,32.7,0.63,0.0,2065.1,2089.7,3443.9,78.91,21.09,2075.19,927.38,585.0,72.0,76.99,79.0,64.33,97.6,0.0,97.6,762
MS,FULL,process,4,1,14,ok,27000,2,64,2,2,4,Tesla T4,164.749,0.438,82.487,82.259,327.09,327.55,0.69,322.49,0.8993,47.03,80.6,1.88,226.6,7638.11,2278.8,4254.3,99.67,0.33,2075.19,787.48,585.0,73.0,77.21,80.0,65.94,99.5,0.0,99.5,624
MS,FULL,thread,2,1,15,ok,27000,2,64,2,2,4,Tesla T4,164.026,0.238,82.14,81.885,328.53,329.05,0.89,322.49,0.9021,42.94,60.0,1.72,0.2,2078.13,2090.01,5948.4,99.66,0.34,2075.19,793.57,585.0,73.0,77.13,78.0,66.09,99.8,0.0,99.8,621
MS,FULL,process,8,1,16,ok,27000,2,64,2,2,4,Tesla T4,164.954,0.869,82.86,82.089,326.69,328.23,0.93,322.49,0.8995,46.19,97.6,1.85,354.9,13317.25,2426.68,4183.1,99.42,0.58,2075.19,792.04,585.0,72.0,77.06,79.0,66.08,99.5,0.0,99.5,623
MS,FULL,process,1,1,17,ok,27000,2,64,2,2,4,Tesla T4,167.481,0.258,84.019,83.46,321.76,322.84,76.38,322.49,0.8987,23.66,57.7,0.95,156.3,3494.1,2275.93,4266.8,97.36,2.64,2075.19,810.12,585.0,72.0,77.14,79.0,66.07,99.8,0.0,99.8,635
MS,FULL,process,3,1,18,ok,27000,2,64,2,2,4,Tesla T4,163.191,0.342,81.881,81.308,330.21,331.38,0.73,322.49,0.8997,46.02,83.8,1.84,101.0,6303.67,2299.63,4201.2,99.59,0.41,2075.19,801.33,585.0,72.0,77.0,78.0,66.1,99.8,0.0,99.8,618
MS,FULL,thread,8,1,19,ok,27000,2,64,2,2,4,Tesla T4,165.268,0.829,82.618,82.648,326.07,326.01,1.13,322.49,0.9008,42.65,68.8,1.71,132.6,2248.72,2222.78,7896.8,98.97,1.03,2075.19,796.64,585.0,72.0,77.08,79.0,65.88,99.0,0.0,99.0,623
MS,FULL,process,2,1,20,ok,27000,2,64,2,2,4,Tesla T4,163.587,0.282,81.851,81.733,329.41,329.66,0.82,322.49,0.8989,45.72,66.0,1.83,149.5,4976.45,2243.13,4138.2,99.79,0.21,2075.19,794.66,585.0,73.0,77.03,78.0,66.21,99.8,0.0,99.8,620
MS,FULL,thread,1,1,21,ok,27000,2,64,2,2,4,Tesla T4,163.38,0.174,81.839,81.54,329.83,330.44,13.88,322.49,0.8999,38.43,58.3,1.54,46.7,2169.98,2193.44,4645.8,99.78,0.22,2075.19,798.17,585.0,73.0,77.06,78.0,66.11,99.8,0.0,99.8,620
MS,FULL,thread,4,1,22,ok,27000,2,64,2,2,4,Tesla T4,164.296,0.363,82.155,82.139,327.99,328.03,0.73,322.49,0.9021,42.81,70.4,1.71,144.5,2236.59,2226.86,6077.4,99.54,0.46,2075.19,792.85,585.0,73.0,77.1,79.0,65.99,99.7,0.0,99.7,622
MS,FULL,sequential,0,1,23,ok,27000,2,64,2,2,4,Tesla T4,169.169,0.156,86.321,82.848,318.54,325.22,91.8,322.49,0.9006,18.43,35.9,0.74,6.9,2138.06,2115.34,3746.7,96.07,3.93,2075.19,822.26,585.0,72.0,77.1,78.0,65.36,99.7,0.0,99.7,641
MS,FULL,thread,8,2,24,ok,27000,2,64,2,2,4,Tesla T4,165.228,0.9,82.702,82.524,326.14,326.5,1.2,322.49,0.8978,42.53,62.9,1.7,100.5,2224.2,2202.15,7684.1,98.9,1.1,2075.19,796.57,585.0,72.0,77.09,79.0,65.85,98.9,0.0,98.9,623
MS,FULL,thread,4,2,25,ok,27000,2,64,2,2,4,Tesla T4,164.129,0.373,82.078,82.05,328.33,328.39,0.77,322.49,0.8971,42.98,63.2,1.72,53.9,2152.01,2130.02,6644.9,99.51,0.49,2075.19,795.53,585.0,72.0,77.05,78.0,66.06,99.7,0.0,99.7,621
MS,FULL,process,8,2,26,ok,27000,2,64,2,2,4,Tesla T4,164.543,0.74,82.409,82.13,327.5,328.07,0.88,322.49,0.9024,46.04,97.6,1.84,316.6,13164.67,2393.68,4168.7,99.38,0.62,2075.19,793.65,585.0,73.0,77.04,78.0,66.08,99.5,0.0,99.5,621
MS,FULL,sequential,0,2,27,ok,27000,2,64,2,2,4,Tesla T4,167.242,0.16,82.822,84.42,322.21,319.17,90.21,322.49,0.899,19.12,38.5,0.76,4.0,2100.16,2151.55,3747.2,97.77,2.23,2075.19,809.86,585.0,73.0,77.04,78.0,65.71,99.2,0.0,99.2,634
MS,FULL,process,2,2,28,ok,27000,2,64,2,2,4,Tesla T4,163.91,0.277,82.066,81.841,328.77,329.22,3.71,322.49,0.8987,45.12,65.4,1.8,138.3,4953.03,2228.79,4196.4,99.67,0.33,2075.19,794.37,585.0,73.0,77.08,78.0,66.09,99.7,0.0,99.7,621
MS,FULL,process,4,2,29,ok,27000,2,64,2,2,4,Tesla T4,164.012,0.431,82.068,81.941,328.56,328.82,0.68,322.49,0.9017,46.38,85.8,1.86,107.4,7806.7,2294.93,4155.8,99.62,0.38,2075.19,793.94,585.0,72.0,77.05,79.0,66.05,99.8,0.0,99.8,621
MS,FULL,thread,2,2,30,ok,27000,2,64,2,2,4,Tesla T4,164.221,0.218,82.201,82.018,328.14,328.51,1.49,322.49,0.8995,42.81,59.4,1.71,19.6,2130.37,2126.85,5321.5,99.79,0.21,2075.19,792.03,585.0,72.0,77.11,80.0,66.01,99.8,0.0,99.8,622
MS,FULL,thread,1,2,31,ok,27000,2,64,2,2,4,Tesla T4,163.943,0.173,81.996,81.946,328.7,328.8,18.63,322.49,0.9016,37.11,58.7,1.48,32.4,2104.08,2092.63,4632.1,99.76,0.24,2075.19,792.97,585.0,72.0,77.05,78.0,66.28,99.8,0.0,99.8,622
MS,FULL,sequential_nopin,0,2,32,ok,27000,2,64,2,2,4,Tesla T4,182.427,0.164,84.034,98.393,295.4,273.84,89.86,164.51,0.9016,17.76,38.1,0.71,-0.0,2077.3,2062.64,3557.2,88.45,11.55,2075.19,878.05,585.0,72.0,77.04,79.0,63.94,98.1,0.0,98.1,691
MS,FULL,process,6,2,33,ok,27000,2,64,2,2,4,Tesla T4,164.65,0.605,82.33,82.316,327.29,327.32,0.71,322.49,0.8964,46.26,96.3,1.85,334.6,10538.22,2368.37,4217.6,99.59,0.41,2075.19,791.36,585.0,74.0,77.09,79.0,66.07,99.5,0.0,99.5,622
MS,FULL,process,3,2,34,ok,27000,2,64,2,2,4,Tesla T4,164.267,0.328,82.262,82.002,328.05,328.58,0.69,322.49,0.8994,46.76,82.1,1.87,124.7,6292.07,2262.29,4212.3,99.76,0.24,2075.19,792.32,585.0,73.0,77.16,79.0,65.99,99.7,0.0,99.7,622
MS,FULL,process,1,2,35,ok,27000,2,64,2,2,4,Tesla T4,175.061,0.343,91.067,83.992,307.82,320.79,91.08,322.49,0.9036,19.01,38.7,0.76,112.9,3432.24,2201.04,4150.4,92.02,7.98,2075.19,859.82,585.0,72.0,76.89,79.0,65.58,99.7,0.0,99.7,663
