method,workers,n,total_s_mean,total_s_sd,steady_epoch_s_mean,steady_epoch_s_sd,epoch1_s_mean,startup_s_mean,ips_mean,ips_sd,cv_pct,speedup,steady_speedup,efficiency,loader_block_pct,busy_cores,cpu_mean,ram_delta_mb,ram_proc_max_mb,ctx_switches_per_s,gpu_util_mean,gpu_idle_pct,vram_max_mb,sm_clock_mean,temp_mean,throttle_limit_pct,train_acc_last
sequential,0,3,174.44833333333335,10.855746696258775,89.79666666666667,10.702951804681424,84.65133333333334,0.17166666666666666,309.67333333333335,18.62643909429104,6.0148669870264495,1.0,1.0,,92.07333333333332,0.7266666666666666,18.203333333333333,7.3,2100.8733333333334,3660.3333333333335,93.73333333333333,6.266666666666667,2075.19,838.6933333333333,77.04666666666667,98.0,0.8990666666666667
sequential_nopin,0,3,189.49533333333332,10.372391447170381,96.08233333333332,7.0173685476347485,93.41266666666667,0.16966666666666666,284.93,15.14839595468773,5.316532465759215,0.9205943506084584,0.9345804119383724,,91.61666666666667,0.6699999999999999,16.756666666666664,7.7,2071.67,3523.066666666667,84.89,15.11,2075.19,896.6666666666666,77.04,98.09999999999998,0.8991666666666666
thread,1,3,163.87433333333334,0.46382791349092095,81.97233333333334,0.44608332554953173,81.901,0.1703333333333333,328.84,0.9279547402756118,0.2821903479733645,1.064525052733497,1.095450904166853,1.064525052733497,28.746666666666666,1.3666666666666665,34.15,39.0,2112.7166666666667,4593.366666666667,99.60666666666667,0.3933333333333333,2123.19,795.9966666666666,77.04666666666667,99.76666666666667,0.9010666666666666
thread,2,3,163.856,0.47347122404640835,81.817,0.24226638231500464,82.03733333333334,0.2333333333333333,328.87333333333333,0.9525929525948323,0.2896534489250671,1.0646441590990465,1.0975306680355754,0.5323220795495233,1.08,1.71,42.79,26.7,2095.233333333333,5576.433333333333,99.71,0.29,2075.19,794.6333333333332,77.10000000000001,99.8,0.9000666666666666
thread,4,3,164.231,0.08943712875534676,82.10633333333334,0.048993196806630696,82.12333333333333,0.3753333333333333,328.1233333333333,0.18147543451753462,0.055307080015909046,1.0622131834631303,1.0936630954169186,0.2655532958657826,0.7466666666666667,1.7166666666666666,42.94,111.33333333333333,2181.35,6403.099999999999,99.50333333333333,0.49666666666666665,2075.19,793.52,77.08,99.63333333333333,0.9006
thread,8,3,165.25533333333334,0.023692474191887514,82.56266666666666,0.07400900846067808,82.69099999999999,0.8843333333333333,326.09,0.0435889894353997,0.013367165333312798,1.0556290669388382,1.0876182939827526,0.13195363336735477,1.1766666666666667,1.7033333333333334,42.583333333333336,169.96666666666667,2191.223333333333,7781.5,98.90000000000002,1.1,2124.523333333333,795.9833333333335,77.09,98.93333333333334,0.8996333333333334
process,1,3,169.00966666666667,5.450228007462936,83.09266666666667,1.1287556570548576,85.915,0.28833333333333333,319.06333333333333,10.166859561011625,3.18647067802995,1.0321796189172612,1.0806810067474866,1.0321796189172612,69.71666666666665,1.0133333333333334,25.346666666666668,134.4,3414.403333333333,4230.733333333333,96.17333333333333,3.8266666666666667,2075.19,823.29,77.04,99.73333333333333,0.9004333333333333
process,2,3,163.63,0.2611685279661379,81.79200000000002,0.054690035655496974,81.83433333333333,0.2856666666666667,329.33,0.5245950819441727,0.1592916169022478,1.0661146081606878,1.0978661319770473,0.5330573040803439,1.7700000000000002,1.8266666666666669,45.666666666666664,154.20000000000002,4585.793333333334,4245.166666666666,99.67666666666668,0.3233333333333333,2115.19,796.9866666666667,77.02666666666666,99.76666666666667,0.8995666666666667
process,3,3,163.75066666666666,0.5393072717230227,81.71433333333334,0.3618982361566978,82.034,0.35333333333333333,329.08666666666664,1.0826048832945927,0.3289725756015415,1.0653289961160466,1.0989096160200371,0.35510966537201555,0.7000000000000001,1.8466666666666667,46.19333333333333,132.86666666666665,6184.003333333334,4190.933333333333,99.68,0.32,2077.19,796.7966666666667,77.07666666666667,99.73333333333333,0.9005000000000001
process,4,3,164.04666666666665,0.6856575919023549,81.85266666666668,0.4569489395253387,82.19099999999999,0.424,328.49333333333334,1.3712160053519458,0.417425824578463,1.0634067541756413,1.0970524275323954,0.26585168854391034,0.6666666666666666,1.8633333333333333,46.553333333333335,179.9333333333333,7626.763333333333,4200.133333333334,99.68333333333334,0.3166666666666667,2202.523333333333,794.07,77.10000000000001,99.7,0.9000333333333334
process,6,3,164.489,0.42502117594303374,82.08233333333332,0.23707031305782303,82.40233333333333,0.6613333333333333,327.60999999999996,0.8466404195406508,0.2584293579379906,1.0605471085199214,1.09398287085731,0.1767578514199869,0.7533333333333333,1.8766666666666667,46.86333333333334,265.40000000000003,10331.816666666668,4226.7,99.56333333333333,0.4366666666666666,2075.19,793.1500000000001,77.06666666666668,99.5,0.8985333333333333
process,8,3,164.75666666666666,0.20598624549550254,82.15533333333333,0.08198983676855033,82.597,0.7773333333333333,327.07666666666665,0.40624294865675326,0.12420419738188394,1.058824124466385,1.0930108006783898,0.13235301555829812,0.8866666666666667,1.8433333333333335,46.053333333333335,322.2,13122.01,4163.866666666668,99.43333333333334,0.5666666666666668,2075.19,792.6066666666667,77.06333333333333,99.5,0.9004
