method,workers,repeat,epoch,epoch_s,images,ips,block_s,train_acc
process,3,0,0,4.535,1280,282.26,0.283,0.2406
process,3,0,1,4.445,1280,287.95,0.311,0.4383
thread,4,0,0,4.646,1280,275.52,0.264,0.2477
thread,4,0,1,4.744,1280,269.84,0.279,0.4352
thread,2,0,0,4.64,1280,275.85,0.301,0.2469
thread,2,0,1,4.531,1280,282.52,0.317,0.4391
process,4,0,0,4.561,1280,280.63,0.366,0.2437
process,4,0,1,4.358,1280,293.74,0.212,0.4359
process,1,0,0,4.257,1280,300.68,0.842,0.243
process,1,0,1,4.193,1280,305.27,0.845,0.443
process,2,0,0,4.294,1280,298.07,0.348,0.2406
process,2,0,1,4.194,1280,305.17,0.343,0.4375
process,6,0,0,4.637,1280,276.07,0.541,0.2437
process,6,0,1,4.285,1280,298.7,0.199,0.4398
thread,8,0,0,4.793,1280,267.03,0.581,0.2422
thread,8,0,1,4.812,1280,266.0,0.566,0.4297
sequential,0,0,0,4.402,1280,290.79,2.328,0.2437
sequential,0,0,1,4.42,1280,289.62,2.441,0.4375
thread,1,0,0,4.397,1280,291.09,0.757,0.2422
thread,1,0,1,4.366,1280,293.2,0.808,0.4352
process,8,0,0,4.904,1280,260.99,0.687,0.2422
process,8,0,1,4.414,1280,290.01,0.257,0.4336
