method,workers,repeat,t,cpu,ram_proc_mb,ram_sys_mb,gpu_util,vram_mb,sm_clock,temp,power_w,reasons
process,3,0,0.258,77.0,4108.25,1601.703125,1.0,2385.1875,585.0,75.0,54.298,0
process,3,0,0.543,53.5,4151.20703125,1629.86328125,73.0,2385.1875,1020.0,76.0,66.228,4
process,3,0,0.806,65.4,4151.20703125,1635.27734375,95.0,2385.1875,750.0,77.0,68.039,4
process,3,0,1.068,38.5,4151.22265625,1644.3828125,100.0,2385.1875,735.0,77.0,66.464,4
process,3,0,1.333,34.6,4151.23828125,1644.3828125,100.0,2385.1875,825.0,77.0,65.74,4
process,3,0,1.606,56.5,4151.24609375,1645.0703125,100.0,2385.1875,765.0,77.0,66.716,4
process,3,0,1.874,64.1,4151.25,1645.515625,100.0,2385.1875,720.0,77.0,64.552,4
process,3,0,2.137,37.4,4151.2578125,1645.52734375,100.0,2385.1875,795.0,78.0,66.869,4
process,3,0,2.401,39.6,4151.2578125,1645.51953125,100.0,2385.1875,705.0,78.0,65.7,4
process,3,0,2.664,33.3,4151.2578125,1645.328125,100.0,2385.1875,705.0,78.0,64.082,4
process,3,0,2.927,27.6,4151.2578125,1645.328125,100.0,2385.1875,690.0,78.0,65.74,4
process,3,0,3.188,25.0,4151.2578125,1645.328125,100.0,2385.1875,765.0,78.0,63.985,4
process,3,0,3.452,26.7,4151.2578125,1645.328125,100.0,2385.1875,690.0,78.0,67.844,4
process,3,0,3.715,28.0,4151.2578125,1645.2109375,100.0,2385.1875,720.0,78.0,68.624,4
process,3,0,3.977,26.7,4151.2578125,1645.2109375,100.0,2385.1875,735.0,78.0,68.039,4
process,3,0,4.238,26.0,4151.2578125,1645.2109375,100.0,2385.1875,780.0,78.0,65.797,4
process,3,0,4.506,28.3,4151.30859375,1645.13671875,100.0,2385.1875,1365.0,78.0,51.295,4
process,3,0,4.764,47.1,4151.3125,1646.859375,56.0,2385.1875,720.0,78.0,65.895,4
process,3,0,5.03,62.9,4151.3125,1650.75390625,100.0,2385.1875,765.0,79.0,67.064,4
process,3,0,5.294,47.6,4151.3125,1636.9609375,100.0,2385.1875,690.0,79.0,68.192,4
process,3,0,5.557,38.7,4151.3125,1636.9609375,100.0,2385.1875,705.0,79.0,68.094,4
process,3,0,5.82,37.4,4151.3125,1636.75,100.0,2385.1875,675.0,79.0,63.887,4
process,3,0,6.083,35.8,4151.3125,1636.9609375,100.0,2385.1875,750.0,79.0,64.96,4
process,3,0,6.347,37.1,4151.3125,1636.9609375,100.0,2385.1875,675.0,79.0,64.18,4
process,3,0,6.612,38.7,4151.3125,1640.82421875,100.0,2385.1875,705.0,79.0,65.115,4
process,3,0,6.873,40.6,4151.3125,1644.2578125,100.0,2385.1875,675.0,79.0,66.48,4
process,3,0,7.138,27.6,4151.3125,1644.265625,100.0,2385.1875,720.0,79.0,67.413,4
process,3,0,7.403,26.4,4151.3125,1644.265625,100.0,2385.1875,765.0,80.0,67.357,4
process,3,0,7.669,27.4,4151.3125,1644.34375,100.0,2385.1875,660.0,80.0,64.725,4
process,3,0,7.93,26.7,4151.3125,1644.34375,100.0,2385.1875,705.0,80.0,65.448,4
process,3,0,8.192,26.7,4151.3125,1644.34375,100.0,2385.1875,675.0,80.0,64.277,4
process,3,0,8.454,26.0,4151.3125,1644.34375,100.0,2385.1875,720.0,80.0,65.7,4
process,3,0,8.717,27.4,4151.3125,1644.34375,100.0,2385.1875,720.0,80.0,67.942,4
thread,4,0,0.252,46.9,1416.140625,1633.98046875,2.0,1689.1875,585.0,78.0,33.806,0
thread,4,0,0.553,66.7,1421.421875,1639.90625,100.0,2403.1875,675.0,79.0,67.691,4
thread,4,0,0.826,65.4,1422.21875,1639.9453125,100.0,2403.1875,720.0,80.0,65.448,4
thread,4,0,1.101,63.9,1428.21875,1647.79296875,100.0,2403.1875,735.0,80.0,64.57,4
thread,4,0,1.371,35.8,1431.171875,1647.79296875,100.0,2403.1875,645.0,80.0,65.253,4
thread,4,0,1.634,37.1,1431.171875,1647.79296875,100.0,2403.1875,690.0,80.0,67.218,4
thread,4,0,1.896,38.1,1431.171875,1647.79296875,100.0,2403.1875,705.0,80.0,65.602,4
thread,4,0,2.158,35.5,1431.171875,1647.79296875,100.0,2403.1875,690.0,80.0,64.53,4
thread,4,0,2.509,32.4,1431.171875,1647.79296875,100.0,2403.1875,660.0,80.0,63.399,4
thread,4,0,2.769,26.0,1431.171875,1647.79296875,100.0,2403.1875,705.0,81.0,63.594,4
thread,4,0,3.031,26.4,1431.171875,1647.79296875,100.0,2403.1875,660.0,81.0,67.12,4
thread,4,0,3.293,26.9,1431.171875,1647.79296875,100.0,2403.1875,675.0,81.0,66.772,4
thread,4,0,3.559,28.0,1431.171875,1647.64453125,100.0,2403.1875,645.0,81.0,66.146,4
thread,4,0,3.824,25.7,1431.171875,1647.64453125,100.0,2403.1875,660.0,81.0,64.238,4
thread,4,0,4.086,26.7,1431.171875,1646.05078125,100.0,2403.1875,690.0,81.0,66.244,4
thread,4,0,4.347,26.9,1431.171875,1645.8046875,100.0,2403.1875,645.0,81.0,65.407,4
thread,4,0,4.61,26.4,1431.171875,1646.0234375,100.0,2403.1875,705.0,81.0,64.082,4
thread,4,0,4.875,43.6,1431.171875,1646.0234375,21.0,2403.1875,1590.0,80.0,45.812,0
thread,4,0,5.164,54.6,1431.171875,1636.03515625,61.0,2403.1875,630.0,81.0,67.259,4
thread,4,0,5.438,67.3,1431.171875,1635.7890625,100.0,2403.1875,675.0,81.0,65.31,4
thread,4,0,5.704,57.9,1431.171875,1635.7890625,100.0,2403.1875,690.0,81.0,63.906,4
thread,4,0,5.964,34.3,1431.171875,1635.7890625,100.0,2403.1875,720.0,81.0,65.253,4
thread,4,0,6.228,37.7,1431.171875,1631.84375,100.0,2403.1875,660.0,81.0,66.577,4
thread,4,0,6.493,36.4,1431.171875,1632.30859375,100.0,2403.1875,600.0,82.0,67.12,4
thread,4,0,6.755,35.9,1431.171875,1632.30859375,100.0,2403.1875,675.0,82.0,64.96,4
thread,4,0,7.019,29.2,1431.21875,1628.65625,100.0,2403.1875,660.0,82.0,63.79,4
thread,4,0,7.281,27.6,1431.21875,1628.39453125,100.0,2403.1875,645.0,82.0,67.51,4
thread,4,0,7.562,27.7,1431.21875,1628.36328125,100.0,2403.1875,675.0,82.0,65.155,4
thread,4,0,7.83,26.9,1431.21875,1628.36328125,100.0,2403.1875,600.0,82.0,66.285,4
thread,4,0,8.093,26.7,1431.21875,1625.3203125,100.0,2403.1875,615.0,82.0,65.602,4
thread,4,0,8.357,26.7,1431.21875,1625.5390625,100.0,2403.1875,645.0,82.0,67.357,4
thread,4,0,8.618,26.7,1431.21875,1625.5390625,100.0,2403.1875,675.0,82.0,63.692,4
thread,4,0,8.881,25.7,1431.21875,1625.5390625,100.0,2403.1875,675.0,82.0,65.017,4
thread,4,0,9.147,27.4,1431.21875,1624.70703125,100.0,2403.1875,645.0,82.0,65.115,4
thread,2,0,0.252,34.7,1432.61328125,1652.7578125,2.0,2341.1875,585.0,80.0,62.034,0
thread,2,0,0.537,44.9,1432.6875,1652.6875,100.0,2341.1875,645.0,81.0,65.31,4
thread,2,0,0.802,50.0,1432.6875,1652.6875,100.0,2341.1875,690.0,81.0,65.253,4
thread,2,0,1.066,44.9,1432.6875,1652.6875,100.0,2341.1875,690.0,81.0,65.602,4
thread,2,0,1.331,37.7,1432.6875,1642.0078125,100.0,2341.1875,600.0,81.0,66.09,4
thread,2,0,1.594,39.4,1432.6875,1642.0078125,100.0,2341.1875,660.0,81.0,66.187,4
thread,2,0,1.856,35.8,1432.6875,1642.0078125,100.0,2341.1875,690.0,81.0,66.13,4
thread,2,0,2.119,38.3,1432.6875,1642.0078125,100.0,2341.1875,675.0,81.0,64.375,4
thread,2,0,2.384,37.4,1432.6875,1637.97265625,100.0,2341.1875,720.0,81.0,64.667,4
thread,2,0,2.647,36.2,1432.6875,1637.97265625,100.0,2341.1875,645.0,81.0,66.521,4
thread,2,0,2.912,36.8,1432.6875,1637.97265625,100.0,2341.1875,600.0,81.0,67.649,4
thread,2,0,3.174,30.5,1432.6875,1637.89453125,100.0,2341.1875,645.0,81.0,64.024,4
thread,2,0,3.439,28.0,1432.6875,1634.11328125,100.0,2341.1875,690.0,81.0,62.95,4
thread,2,0,3.702,26.7,1432.6875,1634.11328125,100.0,2341.1875,720.0,81.0,66.716,4
thread,2,0,3.966,26.7,1432.6875,1633.8984375,100.0,2341.1875,675.0,81.0,65.797,4
thread,2,0,4.231,26.4,1432.6875,1630.64453125,100.0,2341.1875,630.0,81.0,65.058,4
thread,2,0,4.494,26.0,1432.6875,1630.64453125,100.0,2341.1875,630.0,81.0,62.229,4
thread,2,0,4.755,26.9,1432.6875,1630.58203125,100.0,2341.1875,1560.0,80.0,38.362,4
thread,2,0,5.016,35.3,1432.6875,1630.58203125,89.0,2341.1875,630.0,81.0,66.09,4
thread,2,0,5.284,51.4,1432.6875,1628.13671875,100.0,2341.1875,660.0,81.0,65.7,4
thread,2,0,5.546,48.1,1432.6875,1628.13671875,100.0,2341.1875,705.0,81.0,64.667,4
thread,2,0,5.81,35.5,1432.6875,1628.13671875,100.0,2341.1875,645.0,81.0,66.285,4
thread,2,0,6.076,34.6,1432.6875,1628.13671875,100.0,2341.1875,720.0,81.0,66.828,4
thread,2,0,6.34,35.8,1432.6875,1628.13671875,100.0,2341.1875,660.0,80.0,65.407,4
thread,2,0,6.605,38.5,1432.6875,1628.13671875,100.0,2341.1875,660.0,80.0,66.536,4
thread,2,0,6.868,37.9,1432.6875,1628.13671875,100.0,2341.1875,675.0,80.0,64.14,4
thread,2,0,7.13,36.4,1432.6875,1628.13671875,100.0,2341.1875,645.0,80.0,66.577,4
thread,2,0,7.394,34.0,1432.6875,1628.13671875,100.0,2341.1875,705.0,80.0,65.407,4
thread,2,0,7.66,34.3,1432.6875,1628.13671875,100.0,2341.1875,690.0,80.0,65.017,4
thread,2,0,7.926,27.4,1432.6875,1628.13671875,100.0,2341.1875,645.0,80.0,65.017,4
thread,2,0,8.188,26.7,1432.6875,1628.13671875,100.0,2341.1875,675.0,80.0,64.277,4
thread,2,0,8.452,29.2,1432.6875,1628.3828125,100.0,2341.1875,660.0,80.0,65.31,4
thread,2,0,8.713,40.8,1432.6875,1620.69921875,100.0,2341.1875,735.0,80.0,66.731,4
thread,2,0,8.976,25.7,1432.6875,1620.69921875,100.0,2341.1875,705.0,80.0,65.448,4
process,4,0,0.257,80.0,5393.41015625,1709.4765625,0.0,2351.1875,585.0,76.0,63.107,0
process,4,0,0.551,81.2,5393.52734375,1714.59375,100.0,2351.1875,735.0,78.0,68.679,4
process,4,0,0.825,52.7,5393.52734375,1718.28515625,100.0,2351.1875,810.0,78.0,67.413,4
process,4,0,1.094,37.7,5393.52734375,1710.41015625,100.0,2351.1875,690.0,78.0,67.942,4
process,4,0,1.358,38.7,5393.52734375,1710.875,100.0,2351.1875,720.0,78.0,66.033,4
process,4,0,1.62,35.6,5393.53515625,1714.56640625,100.0,2351.1875,675.0,78.0,65.293,4
process,4,0,1.883,33.0,5393.5390625,1714.56640625,100.0,2351.1875,750.0,78.0,65.643,4
process,4,0,2.148,36.2,5393.54296875,1718.50390625,100.0,2351.1875,705.0,78.0,66.48,4
process,4,0,2.411,26.7,5393.54296875,1718.50390625,100.0,2351.1875,720.0,78.0,64.18,4
process,4,0,2.673,26.7,5393.54296875,1718.50390625,100.0,2351.1875,735.0,78.0,64.96,4
process,4,0,2.935,27.6,5393.54296875,1718.50390625,100.0,2351.1875,780.0,77.0,63.79,4
process,4,0,3.202,26.4,5393.54296875,1718.45703125,100.0,2351.1875,705.0,78.0,67.942,4
process,4,0,3.466,25.7,5393.54296875,1718.45703125,100.0,2351.1875,750.0,78.0,69.306,4
process,4,0,3.727,27.6,5393.54296875,1718.36328125,100.0,2351.1875,720.0,77.0,67.789,4
process,4,0,3.991,26.7,5393.54296875,1718.36328125,100.0,2351.1875,810.0,77.0,67.064,4
process,4,0,4.257,27.1,5393.54296875,1718.36328125,100.0,2351.1875,720.0,77.0,67.552,4
process,4,0,4.519,32.4,5393.54296875,1718.36328125,100.0,2351.1875,1560.0,76.0,43.049,4
process,4,0,4.78,61.2,5393.54296875,1718.93359375,14.0,2351.1875,735.0,77.0,65.74,4
process,4,0,5.05,66.4,5393.84375,1718.08203125,100.0,2351.1875,720.0,77.0,63.985,4
process,4,0,5.317,50.0,5393.54296875,1724.56640625,100.0,2351.1875,720.0,77.0,63.634,4
process,4,0,5.589,35.8,5393.54296875,1723.90234375,100.0,2351.1875,735.0,77.0,66.228,4
process,4,0,5.857,36.4,5393.54296875,1727.59375,100.0,2351.1875,810.0,77.0,66.911,4
process,4,0,6.124,41.1,5393.54296875,1729.31640625,100.0,2351.1875,705.0,77.0,64.512,4
process,4,0,6.387,37.5,5393.54296875,1729.31640625,100.0,2351.1875,765.0,77.0,65.058,4
process,4,0,6.65,50.0,5393.54296875,1713.7890625,100.0,2351.1875,780.0,77.0,65.253,4
process,4,0,6.918,58.1,5393.54296875,1709.890625,100.0,2351.1875,765.0,77.0,64.902,4
process,4,0,7.188,26.9,5393.54296875,1710.02734375,100.0,2351.1875,720.0,77.0,67.649,4
process,4,0,7.454,26.4,5393.54296875,1710.02734375,100.0,2351.1875,735.0,77.0,67.357,4
process,4,0,7.715,26.0,5393.54296875,1708.73828125,100.0,2351.1875,795.0,77.0,67.008,4
process,4,0,7.983,28.0,5393.54296875,1708.43359375,100.0,2351.1875,705.0,77.0,67.844,4
process,4,0,8.246,26.4,5393.54296875,1708.65234375,100.0,2351.1875,795.0,77.0,68.429,4
process,4,0,8.507,26.7,5393.54296875,1706.79296875,100.0,2351.1875,750.0,77.0,68.332,4
process,1,0,0.251,35.7,2502.84375,1693.85546875,2.0,2341.1875,585.0,74.0,49.631,0
process,1,0,0.534,20.5,2502.92578125,1693.85546875,100.0,2341.1875,780.0,75.0,66.618,4
process,1,0,0.797,21.2,2502.9296875,1689.1171875,100.0,2341.1875,840.0,75.0,66.13,4
process,1,0,1.063,28.6,2502.9296875,1684.578125,100.0,2341.1875,750.0,76.0,64.57,4
process,1,0,1.324,42.9,2502.9296875,1684.82421875,100.0,2341.1875,780.0,76.0,66.521,4
process,1,0,1.587,39.6,2502.9296875,1684.6171875,100.0,2341.1875,810.0,76.0,64.707,4
process,1,0,1.851,39.6,2502.9296875,1686.33984375,100.0,2341.1875,735.0,76.0,64.414,4
process,1,0,2.114,38.7,2502.9296875,1686.33203125,100.0,2341.1875,795.0,76.0,65.253,4
process,1,0,2.374,36.8,2502.9296875,1686.33984375,100.0,2341.1875,780.0,76.0,65.448,4
process,1,0,2.64,38.3,2502.9296875,1686.33984375,100.0,2341.1875,780.0,76.0,64.122,4
process,1,0,2.904,38.1,2502.9296875,1686.33984375,100.0,2341.1875,780.0,76.0,65.253,4
process,1,0,3.166,37.4,2502.9296875,1686.33984375,100.0,2341.1875,780.0,76.0,65.115,4
process,1,0,3.429,26.0,2502.9296875,1686.33984375,100.0,2341.1875,855.0,76.0,64.472,4
process,1,0,3.695,29.0,2502.9296875,1686.16796875,100.0,2341.1875,750.0,76.0,64.375,4
process,1,0,3.955,26.0,2502.9296875,1686.16796875,100.0,2341.1875,765.0,76.0,65.35,4
process,1,0,4.219,25.7,2502.9296875,1686.16796875,100.0,2341.1875,825.0,76.0,64.805,4
process,1,0,4.484,17.3,2503.546875,1683.375,31.0,2341.1875,720.0,76.0,92.854,4
process,1,0,4.744,18.3,2502.9296875,1683.375,97.0,2341.1875,765.0,76.0,66.772,4
process,1,0,5.009,21.2,2502.9296875,1686.37109375,100.0,2341.1875,780.0,76.0,66.285,4
process,1,0,5.272,36.9,2502.9296875,1689.33203125,100.0,2341.1875,765.0,76.0,68.721,4
process,1,0,5.533,51.4,2502.9296875,1689.58203125,100.0,2341.1875,765.0,76.0,66.382,4
process,1,0,5.797,52.8,2502.9296875,1689.84765625,100.0,2341.1875,840.0,76.0,66.382,4
process,1,0,6.064,37.1,2502.9296875,1689.84375,100.0,2341.1875,750.0,76.0,68.624,4
process,1,0,6.325,39.0,2502.9296875,1688.3359375,100.0,2341.1875,780.0,76.0,68.721,4
process,1,0,6.587,36.8,2502.9296875,1684.13671875,100.0,2341.1875,825.0,76.0,66.772,4
process,1,0,6.851,39.4,2502.9296875,1685.28515625,100.0,2341.1875,750.0,76.0,67.997,4
process,1,0,7.114,38.3,2502.9296875,1685.2890625,100.0,2341.1875,810.0,76.0,68.289,4
process,1,0,7.376,36.8,2502.9296875,1685.26171875,100.0,2341.1875,780.0,76.0,67.203,4
process,1,0,7.641,27.4,2502.9296875,1685.26171875,100.0,2341.1875,765.0,76.0,66.869,4
process,1,0,7.906,25.7,2502.9296875,1685.26171875,100.0,2341.1875,765.0,76.0,68.624,4
process,1,0,8.168,26.7,2502.9296875,1685.26171875,100.0,2341.1875,765.0,76.0,66.48,4
process,1,0,8.43,26.7,2502.9296875,1685.26171875,100.0,2341.1875,870.0,76.0,66.382,4
process,2,0,0.254,60.6,3437.97265625,1675.69921875,29.0,2403.1875,585.0,74.0,60.78,0
process,2,0,0.536,50.4,3438.07421875,1679.6015625,100.0,2403.1875,810.0,75.0,63.634,4
process,2,0,0.803,55.1,3438.08203125,1679.59765625,100.0,2403.1875,870.0,75.0,66.521,4
process,2,0,1.073,40.2,3438.08203125,1679.58984375,100.0,2403.1875,765.0,75.0,66.326,4
process,2,0,1.334,39.4,3438.08203125,1677.60546875,100.0,2403.1875,795.0,75.0,66.171,4
process,2,0,1.598,35.6,3438.08203125,1677.60546875,100.0,2403.1875,825.0,75.0,65.935,4
process,2,0,1.863,38.9,3438.08203125,1677.60546875,100.0,2403.1875,735.0,76.0,66.228,4
process,2,0,2.125,36.2,3438.08203125,1677.60546875,100.0,2403.1875,795.0,76.0,66.326,4
process,2,0,2.387,40.6,3438.08203125,1673.5234375,100.0,2403.1875,810.0,75.0,66.423,4
process,2,0,2.651,37.7,3438.08203125,1674.85546875,100.0,2403.1875,795.0,76.0,65.253,4
process,2,0,2.913,33.0,3438.08203125,1676.6171875,100.0,2403.1875,750.0,76.0,65.878,4
process,2,0,3.175,26.7,3438.08203125,1676.6171875,100.0,2403.1875,765.0,76.0,65.643,4
process,2,0,3.437,26.2,3438.08203125,1676.56640625,100.0,2403.1875,855.0,76.0,64.512,4
process,2,0,3.705,28.0,3438.08203125,1676.56640625,100.0,2403.1875,765.0,76.0,65.838,4
process,2,0,3.966,26.0,3438.08203125,1676.56640625,100.0,2403.1875,795.0,76.0,65.39,4
process,2,0,4.228,35.6,3438.08203125,1676.56640625,100.0,2403.1875,795.0,76.0,64.512,4
process,2,0,4.492,50.0,3438.08203125,1677.2421875,37.0,2403.1875,750.0,76.0,64.862,4
process,2,0,4.757,56.6,3438.08203125,1677.4375,100.0,2403.1875,795.0,76.0,67.398,4
process,2,0,5.021,54.8,3438.08984375,1678.4375,100.0,2403.1875,795.0,76.0,66.716,4
process,2,0,5.284,37.1,3438.08984375,1678.44140625,100.0,2403.1875,750.0,76.0,66.813,4
process,2,0,5.547,37.7,3438.08984375,1681.40234375,100.0,2403.1875,765.0,76.0,68.721,4
process,2,0,5.81,35.8,3438.08984375,1681.40625,100.0,2403.1875,855.0,76.0,67.454,4
process,2,0,6.076,36.2,3438.08984375,1681.41015625,100.0,2403.1875,750.0,76.0,67.984,4
process,2,0,6.337,37.1,3438.08984375,1685.0859375,100.0,2403.1875,780.0,76.0,68.526,4
process,2,0,6.599,36.5,3438.08984375,1686.80859375,100.0,2403.1875,825.0,76.0,68.429,4
process,2,0,6.867,39.4,3438.08984375,1686.80859375,100.0,2403.1875,735.0,76.0,67.454,4
process,2,0,7.137,30.6,3438.08984375,1686.80859375,100.0,2403.1875,765.0,76.0,68.332,4
process,2,0,7.406,26.9,3438.08984375,1686.80859375,100.0,2403.1875,825.0,76.0,68.137,4
process,2,0,7.669,27.6,3438.08984375,1686.80859375,100.0,2403.1875,735.0,76.0,66.577,4
process,2,0,7.932,25.7,3438.08984375,1686.80859375,100.0,2403.1875,810.0,76.0,65.838,4
process,2,0,8.194,26.0,3438.08984375,1684.94140625,100.0,2403.1875,780.0,76.0,67.789,4
process,6,0,0.252,86.9,7356.98046875,1712.0078125,0.0,1185.1875,585.0,73.0,32.625,0
process,6,0,0.543,87.7,7372.2421875,1726.02734375,76.0,2341.1875,870.0,75.0,65.253,4
process,6,0,0.812,61.1,7372.24609375,1722.390625,100.0,2341.1875,795.0,75.0,64.472,4
process,6,0,1.078,37.0,7372.25,1723.94921875,100.0,2341.1875,765.0,76.0,65.195,4
process,6,0,1.345,34.0,7372.25390625,1723.94921875,100.0,2341.1875,780.0,76.0,66.033,4
process,6,0,1.61,26.7,7372.25390625,1723.94921875,100.0,2341.1875,765.0,76.0,66.074,4
process,6,0,1.873,26.7,7372.2578125,1723.94921875,100.0,2341.1875,750.0,76.0,65.781,4
process,6,0,2.136,27.1,7372.26171875,1723.94921875,100.0,2341.1875,855.0,76.0,66.228,4
process,6,0,2.402,27.6,7372.26171875,1723.94921875,100.0,2341.1875,750.0,76.0,65.35,4
process,6,0,2.663,26.4,7372.26171875,1723.91015625,100.0,2341.1875,765.0,76.0,65.293,4
process,6,0,2.928,34.6,7372.26171875,1720.64453125,100.0,2341.1875,825.0,76.0,66.423,4
process,6,0,3.194,46.7,7372.26171875,1715.16015625,100.0,2341.1875,735.0,76.0,66.521,4
process,6,0,3.457,51.5,7372.26171875,1721.00390625,100.0,2341.1875,810.0,76.0,66.757,4
process,6,0,3.718,32.7,7372.26171875,1717.515625,100.0,2341.1875,795.0,76.0,66.423,4
process,6,0,3.983,26.4,7372.26171875,1717.5546875,100.0,2341.1875,810.0,77.0,66.521,4
process,6,0,4.246,26.9,7372.26171875,1717.5546875,100.0,2341.1875,780.0,77.0,65.935,4
process,6,0,4.51,55.2,7372.26953125,1717.5546875,36.0,2341.1875,1575.0,75.0,39.834,4
process,6,0,4.769,92.2,7373.59375,1718.19921875,80.0,2341.1875,735.0,77.0,65.935,4
process,6,0,5.036,76.2,7372.28515625,1725.4296875,100.0,2341.1875,795.0,77.0,66.911,4
process,6,0,5.297,39.6,7372.28515625,1719.65625,100.0,2341.1875,765.0,77.0,64.122,4
process,6,0,5.562,36.5,7372.28515625,1719.65625,100.0,2341.1875,840.0,77.0,66.033,4
process,6,0,5.829,26.9,7372.28515625,1719.65625,100.0,2341.1875,735.0,77.0,66.228,4
process,6,0,6.091,26.7,7372.28515625,1719.65625,100.0,2341.1875,735.0,77.0,66.618,4
process,6,0,6.355,26.7,7372.28515625,1719.65625,100.0,2341.1875,825.0,77.0,65.935,4
process,6,0,6.625,27.1,7372.28515625,1719.65625,100.0,2341.1875,735.0,77.0,66.326,4
process,6,0,6.892,26.9,7372.28515625,1719.65625,100.0,2341.1875,765.0,77.0,64.512,4
process,6,0,7.158,26.4,7372.28515625,1719.65625,100.0,2341.1875,765.0,77.0,65.643,4
process,6,0,7.426,27.4,7372.28515625,1719.65625,100.0,2341.1875,750.0,77.0,64.219,4
process,6,0,7.694,26.9,7372.28515625,1719.65625,100.0,2341.1875,735.0,77.0,64.902,4
process,6,0,7.958,26.7,7372.28515625,1719.65625,100.0,2341.1875,765.0,77.0,67.691,4
process,6,0,8.226,26.9,7372.28515625,1719.65625,100.0,2341.1875,795.0,77.0,66.033,4
process,6,0,8.492,28.3,7372.28515625,1719.65625,100.0,2341.1875,705.0,77.0,68.861,4
thread,8,0,0.251,53.1,1437.0703125,1701.31640625,2.0,1195.1875,585.0,74.0,32.901,0
thread,8,0,0.554,54.9,1450.15234375,1701.31640625,0.0,1485.1875,585.0,74.0,56.123,0
thread,8,0,0.881,53.7,1450.15234375,1701.42578125,76.0,2351.1875,885.0,76.0,55.047,4
thread,8,0,1.177,54.5,1450.15234375,1701.42578125,100.0,2351.1875,765.0,77.0,66.618,4
thread,8,0,1.467,55.9,1450.15234375,1701.42578125,100.0,2351.1875,840.0,77.0,66.326,4
thread,8,0,1.74,32.1,1453.15234375,1700.375,100.0,2351.1875,720.0,77.0,68.081,4
thread,8,0,2.006,32.1,1453.15234375,1700.80859375,100.0,2351.1875,735.0,77.0,66.382,4
thread,8,0,2.274,36.2,1453.15234375,1701.09375,100.0,2351.1875,795.0,77.0,67.997,4
thread,8,0,2.539,26.4,1453.15234375,1701.09375,100.0,2351.1875,720.0,77.0,68.819,4
thread,8,0,2.801,25.7,1453.15234375,1696.31640625,100.0,2351.1875,720.0,77.0,67.942,4
thread,8,0,3.063,26.7,1453.15234375,1696.31640625,100.0,2351.1875,735.0,77.0,66.813,4
thread,8,0,3.325,26.9,1453.15234375,1696.31640625,100.0,2351.1875,765.0,77.0,64.433,4
thread,8,0,3.589,26.4,1453.15234375,1696.31640625,100.0,2351.1875,705.0,78.0,66.577,4
thread,8,0,3.854,26.7,1453.15234375,1691.89453125,100.0,2351.1875,780.0,77.0,66.674,4
thread,8,0,4.115,26.9,1453.15234375,1691.89453125,100.0,2351.1875,735.0,77.0,66.869,4
thread,8,0,4.381,26.4,1453.15234375,1691.89453125,100.0,2351.1875,795.0,78.0,66.577,4
thread,8,0,4.647,27.1,1453.15234375,1691.89453125,100.0,2351.1875,750.0,78.0,66.48,4
thread,8,0,4.908,38.5,1453.15234375,1687.96875,92.0,2351.1875,1575.0,77.0,38.46,4
thread,8,0,5.194,52.3,1453.15234375,1687.96875,0.0,2351.1875,1590.0,76.0,44.761,0
thread,8,0,5.496,54.3,1456.18359375,1687.96875,19.0,2351.1875,705.0,78.0,45.153,4
thread,8,0,5.791,52.8,1456.18359375,1687.671875,97.0,2351.1875,750.0,78.0,64.96,4
thread,8,0,6.086,55.0,1459.17578125,1687.91796875,100.0,2351.1875,705.0,78.0,67.218,4
thread,8,0,6.363,46.2,1459.17578125,1687.91796875,100.0,2351.1875,690.0,78.0,66.48,4
thread,8,0,6.624,26.7,1459.17578125,1687.91796875,100.0,2351.1875,735.0,78.0,67.747,4
thread,8,0,6.888,25.7,1459.17578125,1685.8984375,100.0,2351.1875,690.0,78.0,67.9,4
thread,8,0,7.151,27.4,1459.17578125,1685.8984375,100.0,2351.1875,720.0,78.0,66.09,4
thread,8,0,7.413,26.9,1459.17578125,1685.8984375,100.0,2351.1875,690.0,78.0,64.024,4
thread,8,0,7.675,25.7,1459.17578125,1685.8984375,100.0,2351.1875,795.0,78.0,65.895,4
thread,8,0,7.94,26.7,1459.17578125,1681.45703125,100.0,2351.1875,720.0,78.0,63.79,4
thread,8,0,8.203,27.4,1459.17578125,1681.45703125,100.0,2351.1875,720.0,78.0,65.602,4
thread,8,0,8.466,26.7,1459.17578125,1681.45703125,100.0,2351.1875,750.0,78.0,66.049,4
thread,8,0,8.729,26.0,1459.17578125,1677.83203125,100.0,2351.1875,780.0,78.0,65.992,4
thread,8,0,8.992,26.4,1459.17578125,1677.5859375,100.0,2351.1875,720.0,79.0,67.649,4
thread,8,0,9.257,28.3,1459.17578125,1677.8046875,100.0,2351.1875,690.0,79.0,67.315,4
thread,8,0,9.518,26.0,1459.17578125,1677.8046875,100.0,2351.1875,690.0,79.0,64.53,4
sequential,0,0,0.251,34.7,1464.90234375,1650.921875,2.0,2341.1875,585.0,77.0,61.096,0
sequential,0,0,0.536,23.7,1467.98046875,1652.64453125,100.0,2341.1875,780.0,78.0,64.472,4
sequential,0,0,0.805,17.8,1470.98046875,1656.3359375,100.0,2341.1875,705.0,78.0,64.725,4
sequential,0,0,1.072,21.5,1470.98046875,1656.3359375,100.0,2341.1875,735.0,78.0,67.315,4
sequential,0,0,1.336,26.4,1470.98046875,1656.1171875,100.0,2341.1875,720.0,78.0,66.48,4
sequential,0,0,1.6,22.6,1470.98046875,1656.1171875,100.0,2341.1875,735.0,78.0,65.448,4
sequential,0,0,1.865,21.2,1470.98046875,1656.0859375,100.0,2341.1875,690.0,79.0,65.253,4
sequential,0,0,2.129,20.8,1470.98046875,1656.0859375,100.0,2341.1875,690.0,79.0,65.895,4
sequential,0,0,2.391,26.0,1470.98046875,1656.0859375,100.0,2341.1875,690.0,79.0,65.838,4
sequential,0,0,2.655,22.1,1470.98046875,1656.0859375,100.0,2341.1875,735.0,79.0,63.945,4
sequential,0,0,2.922,21.7,1470.98046875,1656.0859375,100.0,2341.1875,780.0,79.0,63.458,4
sequential,0,0,3.186,21.0,1470.98046875,1656.30078125,100.0,2341.1875,705.0,79.0,67.315,4
sequential,0,0,3.449,24.8,1470.98046875,1656.30078125,100.0,2341.1875,720.0,79.0,67.858,4
sequential,0,0,3.71,22.1,1470.98046875,1656.30078125,100.0,2341.1875,690.0,79.0,65.797,4
sequential,0,0,3.975,26.4,1470.98046875,1656.26171875,100.0,2341.1875,765.0,79.0,64.628,4
sequential,0,0,4.242,27.6,1470.98046875,1656.23828125,100.0,2341.1875,675.0,79.0,66.285,4
sequential,0,0,4.503,22.1,1470.98046875,1656.23828125,100.0,2341.1875,1560.0,78.0,41.381,4
sequential,0,0,4.76,16.2,1470.98046875,1656.23828125,100.0,2341.1875,675.0,79.0,64.375,4
sequential,0,0,5.029,18.9,1470.98046875,1656.23828125,100.0,2341.1875,690.0,79.0,66.967,4
sequential,0,0,5.293,19.0,1470.98046875,1656.23828125,100.0,2341.1875,720.0,79.0,67.162,4
sequential,0,0,5.556,22.9,1470.98046875,1656.23828125,100.0,2341.1875,735.0,79.0,66.13,4
sequential,0,0,5.821,21.2,1470.98046875,1656.23828125,100.0,2341.1875,720.0,79.0,65.155,4
sequential,0,0,6.086,21.7,1470.98046875,1656.23828125,100.0,2341.1875,675.0,79.0,64.667,4
sequential,0,0,6.348,21.6,1470.98046875,1656.23828125,100.0,2341.1875,720.0,79.0,63.341,4
sequential,0,0,6.609,25.0,1470.98046875,1656.23828125,100.0,2341.1875,690.0,79.0,62.95,4
sequential,0,0,6.878,22.9,1470.98046875,1656.23828125,100.0,2341.1875,750.0,79.0,67.747,4
sequential,0,0,7.144,20.8,1470.98046875,1656.23828125,100.0,2341.1875,645.0,79.0,67.942,4
sequential,0,0,7.406,19.2,1470.98046875,1656.23828125,100.0,2341.1875,690.0,79.0,67.259,4
sequential,0,0,7.668,20.4,1470.98046875,1656.23828125,100.0,2341.1875,675.0,79.0,65.407,4
sequential,0,0,7.93,22.1,1470.98046875,1656.23828125,100.0,2341.1875,705.0,79.0,64.765,4
sequential,0,0,8.196,24.5,1470.98046875,1656.23828125,100.0,2341.1875,690.0,79.0,64.823,4
sequential,0,0,8.46,28.3,1470.98046875,1656.23828125,100.0,2341.1875,675.0,79.0,66.049,4
sequential,0,0,8.721,26.0,1470.98046875,1656.23828125,100.0,2341.1875,735.0,79.0,67.607,4
thread,1,0,0.251,19.2,1501.66796875,1689.08203125,47.0,2403.1875,705.0,78.0,66.869,0
thread,1,0,0.546,21.0,1501.74609375,1689.08203125,100.0,2403.1875,765.0,78.0,67.705,4
thread,1,0,0.809,17.5,1501.74609375,1689.08203125,100.0,2403.1875,690.0,79.0,65.212,4
thread,1,0,1.072,35.8,1501.74609375,1689.08203125,100.0,2403.1875,690.0,79.0,65.505,4
thread,1,0,1.335,41.0,1504.7421875,1689.08203125,100.0,2403.1875,660.0,79.0,66.285,4
thread,1,0,1.597,37.6,1504.7421875,1689.08203125,100.0,2403.1875,765.0,79.0,66.09,4
thread,1,0,1.86,37.0,1504.7421875,1689.08203125,100.0,2403.1875,690.0,79.0,62.522,4
thread,1,0,2.126,38.9,1504.7421875,1689.08203125,100.0,2403.1875,735.0,79.0,68.192,4
thread,1,0,2.389,37.7,1504.7421875,1689.08203125,100.0,2403.1875,735.0,79.0,67.942,4
thread,1,0,2.654,33.3,1504.7421875,1689.08203125,100.0,2403.1875,735.0,79.0,66.033,4
thread,1,0,2.919,37.4,1504.7421875,1689.08203125,100.0,2403.1875,720.0,79.0,65.35,4
thread,1,0,3.184,37.0,1504.7421875,1689.05859375,100.0,2403.1875,690.0,79.0,65.058,4
thread,1,0,3.445,29.5,1504.7421875,1689.05859375,100.0,2403.1875,720.0,79.0,64.024,4
thread,1,0,3.708,25.7,1504.7421875,1689.03125,100.0,2403.1875,750.0,79.0,65.448,4
thread,1,0,3.973,27.4,1504.7421875,1689.03125,100.0,2403.1875,735.0,79.0,65.643,4
thread,1,0,4.239,27.4,1504.7421875,1689.03125,100.0,2403.1875,675.0,79.0,68.874,4
thread,1,0,4.5,21.0,1504.7421875,1689.03125,65.0,2403.1875,1395.0,78.0,38.634,0
thread,1,0,4.776,18.5,1504.7421875,1689.0078125,76.0,2403.1875,705.0,79.0,64.96,4
thread,1,0,5.043,17.9,1504.7421875,1689.0078125,100.0,2403.1875,750.0,79.0,65.115,4
thread,1,0,5.305,21.9,1504.7421875,1689.0078125,100.0,2403.1875,705.0,79.0,66.09,4
thread,1,0,5.572,37.3,1504.7421875,1689.0078125,100.0,2403.1875,765.0,79.0,64.725,4
thread,1,0,5.837,40.6,1504.7421875,1689.0078125,100.0,2403.1875,660.0,79.0,66.911,4
thread,1,0,6.1,37.7,1504.7421875,1689.0078125,100.0,2403.1875,720.0,79.0,68.094,4
thread,1,0,6.363,33.7,1504.7421875,1689.0078125,100.0,2403.1875,705.0,79.0,66.869,4
thread,1,0,6.626,32.7,1504.7421875,1689.0078125,100.0,2403.1875,765.0,79.0,65.643,4
thread,1,0,6.891,36.4,1504.7421875,1689.0078125,100.0,2403.1875,675.0,79.0,64.277,4
thread,1,0,7.154,37.1,1504.7421875,1689.0078125,100.0,2403.1875,690.0,79.0,65.448,4
thread,1,0,7.416,35.8,1504.7421875,1689.0078125,100.0,2403.1875,690.0,79.0,64.512,4
thread,1,0,7.678,32.0,1504.7421875,1689.0078125,100.0,2403.1875,780.0,79.0,64.667,4
thread,1,0,7.942,26.4,1504.7421875,1689.0078125,100.0,2403.1875,705.0,79.0,65.195,4
thread,1,0,8.205,26.7,1504.7421875,1689.0078125,100.0,2403.1875,735.0,79.0,68.332,4
thread,1,0,8.466,26.0,1504.7421875,1689.0078125,100.0,2403.1875,735.0,79.0,66.366,4
thread,1,0,8.73,29.5,1504.7421875,1689.0078125,100.0,2403.1875,735.0,79.0,66.869,4
process,8,0,0.255,96.0,9636.8359375,1753.7109375,0.0,1185.1875,585.0,75.0,33.117,0
process,8,0,0.563,94.4,9657.8671875,1780.23828125,100.0,2341.1875,705.0,77.0,62.598,4
process,8,0,0.841,51.9,9657.875,1786.98046875,100.0,2341.1875,750.0,77.0,65.195,4
process,8,0,1.107,26.4,9657.875,1786.98046875,100.0,2341.1875,720.0,77.0,67.008,4
process,8,0,1.371,26.7,9657.875,1786.98046875,100.0,2341.1875,765.0,77.0,67.454,4
process,8,0,1.638,30.3,9657.87890625,1787.2265625,100.0,2341.1875,720.0,77.0,68.819,4
process,8,0,1.901,26.0,9657.87890625,1787.2265625,100.0,2341.1875,750.0,77.0,68.276,4
process,8,0,2.163,25.7,9657.87890625,1787.2265625,100.0,2341.1875,750.0,77.0,66.033,4
process,8,0,2.427,26.7,9657.87890625,1787.2265625,100.0,2341.1875,810.0,77.0,67.593,4
process,8,0,2.692,28.0,9657.87890625,1787.2265625,100.0,2341.1875,690.0,77.0,65.448,4
process,8,0,2.954,26.0,9657.87890625,1787.2265625,100.0,2341.1875,765.0,77.0,63.048,4
process,8,0,3.216,26.0,9657.87890625,1787.2265625,100.0,2341.1875,780.0,77.0,66.13,4
process,8,0,3.479,26.9,9657.87890625,1786.99609375,100.0,2341.1875,795.0,77.0,64.902,4
process,8,0,3.745,27.4,9657.87890625,1786.99609375,100.0,2341.1875,720.0,77.0,64.57,4
process,8,0,4.006,26.7,9657.87890625,1786.99609375,100.0,2341.1875,690.0,77.0,65.195,4
process,8,0,4.271,25.7,9657.87890625,1786.99609375,100.0,2341.1875,765.0,77.0,65.195,4
process,8,0,4.535,32.1,9657.87890625,1786.99609375,100.0,2341.1875,1170.0,77.0,63.536,4
process,8,0,4.795,90.2,9657.87890625,1794.9453125,47.0,2341.1875,1200.0,77.0,36.342,4
process,8,0,5.065,90.6,9657.89453125,1794.67578125,100.0,2341.1875,720.0,77.0,63.731,4
process,8,0,5.334,53.8,9657.89453125,1798.03515625,100.0,2341.1875,780.0,77.0,65.74,4
process,8,0,5.603,28.4,9657.89453125,1798.078125,100.0,2341.1875,795.0,77.0,64.61,4
process,8,0,5.868,26.4,9657.89453125,1798.078125,100.0,2341.1875,720.0,77.0,66.618,4
process,8,0,6.13,26.7,9657.89453125,1798.078125,100.0,2341.1875,735.0,77.0,65.098,4
process,8,0,6.395,26.4,9657.89453125,1798.078125,100.0,2341.1875,750.0,77.0,65.0,4
process,8,0,6.659,27.6,9657.89453125,1798.078125,100.0,2341.1875,720.0,78.0,65.683,4
process,8,0,6.923,26.7,9657.89453125,1798.29296875,100.0,2341.1875,750.0,78.0,66.521,4
process,8,0,7.186,45.7,9657.89453125,1802.80078125,100.0,2341.1875,720.0,77.0,66.618,4
process,8,0,7.449,57.3,9657.89453125,1799.58984375,100.0,2341.1875,795.0,77.0,66.521,4
process,8,0,7.716,44.8,9657.89453125,1795.1875,100.0,2341.1875,720.0,78.0,68.387,4
process,8,0,7.985,36.4,9657.89453125,1796.375,100.0,2341.1875,750.0,77.0,68.332,4
process,8,0,8.252,27.1,9657.89453125,1796.375,100.0,2341.1875,750.0,77.0,67.552,4
process,8,0,8.518,26.4,9657.89453125,1796.375,100.0,2341.1875,795.0,77.0,64.805,4
process,8,0,8.784,27.4,9657.89453125,1796.375,100.0,2341.1875,735.0,78.0,67.064,4
