dataset,mode,workers,payload,repeat,order_idx,n_images,total_s,throughput_ips,spawn_s,cpu_mean,busy_cores,ram_delta_mb,ctx_switches_per_s
RGB,process,16,scalar,0,0,27000,8.1437,3315.4,0.0785,96.13,3.85,197.2,15140.9
RGB,thread,8,array,0,1,27000,27.1604,994.1,0.0008,47.77,1.91,15.7,58820.4
RGB,thread,1,array,0,2,27000,47.8277,564.5,0.0004,18.94,0.76,15.5,4831.4
RGB,process,8,array,0,3,27000,8.0026,3373.9,0.0501,91.81,3.67,201.7,17987.6
RGB,thread,4,scalar,0,4,27000,25.6187,1053.9,0.0003,45.54,1.82,0.0,49746.8
RGB,process,1,array,0,5,27000,48.3677,558.2,0.0076,17.9,0.72,79.9,4928.8
RGB,process,16,array,0,6,27000,8.5873,3144.2,0.1076,96.61,3.86,482.1,18574.8
RGB,process,4,scalar,0,7,27000,12.4961,2160.7,0.0294,63.13,2.53,0.7,10657.8
RGB,thread,16,array,0,8,27000,24.5385,1100.3,0.0004,49.29,1.97,10.0,60177.9
RGB,process,2,array,0,9,27000,24.59,1098.0,0.0136,37.58,1.5,108.7,8354.5
RGB,process,2,scalar,0,10,27000,22.8944,1179.3,0.0163,36.19,1.45,-0.0,6578.1
RGB,process,4,array,0,11,27000,12.6505,2134.3,0.0244,64.74,2.59,129.2,14636.0
RGB,thread,8,scalar,0,12,27000,32.2989,835.9,0.0003,45.56,1.82,0.0,51940.5
RGB,sequential,0,scalar,0,13,27000,49.4466,546.0,0.0,18.08,0.72,0.0,3571.4
RGB,thread,16,scalar,0,14,27000,33.7579,799.8,0.0003,46.5,1.86,3.9,46005.4
RGB,thread,4,array,0,15,27000,35.3489,763.8,0.0005,44.11,1.76,10.8,37768.2
RGB,process,1,scalar,0,16,27000,54.9924,491.0,0.009,18.66,0.75,12.5,3330.8
RGB,thread,1,scalar,0,17,27000,48.6772,554.7,0.0003,19.22,0.77,0.0,4726.9
RGB,thread,2,scalar,0,18,27000,29.74,907.9,0.0005,35.01,1.4,6.8,16202.2
RGB,sequential,0,array,0,19,27000,46.0961,585.7,0.0,17.31,0.69,5.2,3768.6
RGB,thread,2,array,0,20,27000,30.3625,889.3,0.0005,35.2,1.41,1.7,15611.4
RGB,process,8,scalar,0,21,27000,7.7685,3475.6,0.0495,91.54,3.66,48.0,14858.9
RGB,thread,1,array,1,22,27000,46.3898,582.0,0.0004,18.44,0.74,0.2,4973.1
RGB,thread,8,scalar,1,23,27000,27.0005,1000.0,0.0004,46.95,1.88,0.0,61145.1
RGB,process,2,array,1,24,27000,24.7451,1091.1,0.0134,37.17,1.49,89.9,8717.9
RGB,process,4,scalar,1,25,27000,12.5092,2158.4,0.0238,63.74,2.55,8.3,10509.7
RGB,process,1,scalar,1,26,27000,48.5764,555.8,0.0081,17.33,0.69,7.3,3656.4
RGB,process,16,scalar,1,27,27000,7.963,3390.7,0.1048,95.29,3.81,99.6,14363.5
RGB,process,16,array,1,28,27000,8.2227,3283.6,0.0894,96.3,3.85,455.6,18579.8
RGB,process,1,array,1,29,27000,49.4067,546.5,0.0079,17.5,0.7,7.3,4822.7
RGB,thread,8,array,1,30,27000,26.3153,1026.0,0.0004,47.59,1.9,2.3,60410.2
RGB,thread,16,array,1,31,27000,25.7358,1049.1,0.0005,48.84,1.95,2.5,57587.4
RGB,thread,2,scalar,1,32,27000,31.1856,865.8,0.0003,35.09,1.4,0.0,15708.7
RGB,sequential,0,array,1,33,27000,48.9928,551.1,0.0,16.72,0.67,7.0,3607.2
RGB,process,8,array,1,34,27000,9.1674,2945.2,0.0533,89.34,3.57,213.9,17195.6
RGB,thread,1,scalar,1,35,27000,55.3592,487.7,0.0005,18.08,0.72,0.0,4392.0
RGB,process,8,scalar,1,36,27000,8.9137,3029.0,0.0578,89.61,3.58,29.5,11699.0
RGB,process,2,scalar,1,37,27000,28.4853,947.9,0.0137,35.63,1.43,1.7,5358.7
RGB,thread,2,array,1,38,27000,32.9388,819.7,0.0005,33.87,1.35,5.0,14500.0
RGB,thread,16,scalar,1,39,27000,27.6598,976.1,0.0006,47.85,1.91,3.3,55691.4
RGB,process,4,array,1,40,27000,14.8057,1823.6,0.025,60.31,2.41,135.0,12246.7
RGB,thread,4,array,1,41,27000,26.3372,1025.2,0.0005,45.06,1.8,0.0,45806.5
RGB,thread,4,scalar,1,42,27000,27.4801,982.5,0.0003,45.11,1.8,5.4,46730.0
RGB,sequential,0,scalar,1,43,27000,49.7032,543.2,0.0,16.72,0.67,0.0,3544.4
RGB,thread,8,scalar,2,44,27000,28.0427,962.8,0.0004,47.59,1.9,0.4,58809.3
RGB,thread,2,scalar,2,45,27000,30.5521,883.7,0.0004,34.82,1.39,-0.0,15964.3
RGB,process,4,scalar,2,46,27000,12.6163,2140.1,0.0313,62.88,2.52,23.0,10318.4
RGB,process,8,scalar,2,47,27000,7.8853,3424.1,0.055,90.42,3.62,35.9,13249.3
RGB,process,8,array,2,48,27000,8.2058,3290.3,0.055,90.49,3.62,203.5,17318.5
RGB,process,4,array,2,49,27000,12.9644,2082.6,0.0275,64.09,2.56,130.3,13942.3
RGB,thread,16,array,2,50,27000,24.9562,1081.9,0.0006,48.9,1.96,-3.8,59282.0
RGB,thread,1,array,2,51,27000,46.4422,581.4,0.0003,19.43,0.78,0.0,4966.8
RGB,thread,16,scalar,2,52,27000,26.1111,1034.0,0.0005,48.28,1.93,3.9,58772.7
RGB,process,16,scalar,2,53,27000,7.8773,3427.6,0.1544,95.25,3.81,74.8,11926.0
RGB,thread,4,scalar,2,54,27000,24.2002,1115.7,0.0003,46.49,1.86,-4.5,52525.4
RGB,sequential,0,scalar,2,55,27000,43.8459,615.8,0.0,17.21,0.69,1.1,3837.5
RGB,process,2,scalar,2,56,27000,22.5909,1195.2,0.014,36.13,1.45,17.1,6682.7
RGB,sequential,0,array,2,57,27000,55.1934,489.2,0.0,14.74,0.59,1.5,3286.3
RGB,thread,4,array,2,58,27000,26.4684,1020.1,0.0005,45.15,1.81,4.7,44390.2
RGB,thread,1,scalar,2,59,27000,51.629,523.0,0.0005,18.11,0.72,6.4,4563.5
RGB,process,1,array,2,60,27000,54.8585,492.2,0.0085,19.37,0.77,61.7,4336.9
RGB,thread,8,array,2,61,27000,41.587,649.2,0.0005,45.1,1.8,0.0,39941.3
RGB,thread,2,array,2,62,27000,38.6353,698.8,0.0004,37.31,1.49,5.3,13057.3
RGB,process,1,scalar,2,63,27000,58.8991,458.4,0.0085,20.53,0.82,9.5,3214.4
RGB,process,16,array,2,64,27000,10.4449,2585.0,0.1485,96.28,3.85,510.1,14328.0
RGB,process,2,array,2,65,27000,27.8226,970.4,0.023,39.2,1.57,23.5,7451.5
MS,process,16,scalar,0,0,27000,13.142,2054.5,0.108,96.31,3.85,146.9,10266.8
MS,thread,8,array,0,1,27000,49.5151,545.3,0.0004,45.52,1.82,0.0,52251.4
MS,thread,1,array,0,2,27000,87.8975,307.2,0.0005,17.4,0.7,6.9,5795.3
MS,process,8,array,0,3,27000,15.2212,1773.8,0.0559,91.12,3.64,559.9,21897.7
MS,thread,4,scalar,0,4,27000,42.0555,642.0,0.0006,44.65,1.79,0.0,46183.0
MS,process,1,array,0,5,27000,77.8142,347.0,0.0092,19.39,0.78,255.4,6198.7
MS,process,16,array,0,6,27000,14.7418,1831.5,0.1132,93.88,3.76,965.3,22554.3
MS,process,4,scalar,0,7,27000,16.8992,1597.7,0.0314,71.71,2.87,1.7,7825.5
MS,thread,16,array,0,8,27000,43.9322,614.6,0.001,46.56,1.86,7.3,53962.9
MS,process,2,array,0,9,27000,34.8558,774.6,0.0153,42.72,1.71,328.0,11880.2
MS,process,2,scalar,0,10,27000,30.12,896.4,0.0146,40.71,1.63,3.5,5221.6
MS,process,4,array,0,11,27000,18.447,1463.7,0.0304,77.03,3.08,331.7,17389.8
MS,thread,8,scalar,0,12,27000,44.7312,603.6,0.0007,45.76,1.83,0.0,58003.1
MS,sequential,0,scalar,0,13,27000,71.2076,379.2,0.0,18.73,0.75,0.0,3307.2
MS,thread,16,scalar,0,14,27000,49.2605,548.1,0.0005,46.38,1.86,10.1,50893.1
MS,thread,4,array,0,15,27000,45.9454,587.7,0.0004,43.88,1.76,0.2,41334.3
MS,process,1,scalar,0,16,27000,96.5415,279.7,0.0092,14.04,0.56,3.7,3045.3
MS,thread,1,scalar,0,17,27000,123.1429,219.3,0.0006,12.91,0.52,0.8,4497.5
MS,thread,2,scalar,0,18,27000,75.7769,356.3,0.0005,23.66,0.95,3.6,9925.4
MS,sequential,0,array,0,19,27000,109.3683,246.9,0.0,12.98,0.52,20.8,3362.0
MS,thread,2,array,0,20,27000,61.5328,438.8,0.0004,27.62,1.1,2.1,12913.8
MS,process,8,scalar,0,21,27000,12.4109,2175.5,0.0584,90.09,3.6,46.4,9133.4
MS,thread,1,array,1,22,27000,78.9078,342.2,0.0005,16.96,0.68,0.0,5174.9
MS,thread,8,scalar,1,23,27000,45.2546,596.6,0.0004,46.01,1.84,0.2,57960.2
MS,process,2,array,1,24,27000,37.8713,712.9,0.021,40.58,1.62,663.2,9913.3
MS,process,4,scalar,1,25,27000,17.6834,1526.9,0.0283,68.68,2.75,-21.7,7578.5
MS,process,1,scalar,1,26,27000,69.8048,386.8,0.0091,17.46,0.7,0.2,3184.3
MS,process,16,scalar,1,27,27000,13.2522,2037.4,0.1208,97.55,3.9,102.5,9346.2
MS,process,16,array,1,28,27000,17.3672,1554.7,0.1142,93.42,3.74,1126.9,18168.8
MS,process,1,array,1,29,27000,110.0957,245.2,0.0119,19.08,0.76,23.4,4731.8
MS,thread,8,array,1,30,27000,48.783,553.5,0.0008,45.85,1.83,0.2,52804.8
MS,thread,16,array,1,31,27000,43.4529,621.4,0.0005,46.61,1.86,0.0,54550.0
MS,thread,2,scalar,1,32,27000,47.615,567.0,0.0004,33.66,1.35,4.5,15896.1
MS,sequential,0,array,1,33,27000,91.1431,296.2,0.0,16.85,0.67,0.0,3298.6
MS,process,8,array,1,34,27000,20.527,1315.3,0.0703,88.25,3.53,668.1,17904.1
MS,thread,1,scalar,1,35,27000,79.9843,337.6,0.0005,20.11,0.8,0.0,5149.8
MS,process,8,scalar,1,36,27000,13.5905,1986.7,0.0737,91.83,3.67,42.0,10443.1
MS,process,2,scalar,1,37,27000,33.7957,798.9,0.0184,41.22,1.65,1.8,4765.8
MS,thread,2,array,1,38,27000,48.3685,558.2,0.0006,34.64,1.39,1.8,15927.2
MS,thread,16,scalar,1,39,27000,46.8223,576.6,0.0003,46.17,1.85,0.0,51773.0
MS,process,4,array,1,40,27000,19.0659,1416.1,0.0294,76.44,3.06,274.1,17190.1
MS,thread,4,array,1,41,27000,44.7895,602.8,0.0005,44.68,1.79,-0.2,43742.0
MS,thread,4,scalar,1,42,27000,45.6421,591.6,0.0005,44.56,1.78,0.0,43742.8
MS,sequential,0,scalar,1,43,27000,67.3072,401.1,0.0,18.98,0.76,3.7,3291.4
MS,thread,8,scalar,2,44,27000,48.1271,561.0,0.0004,45.68,1.83,3.8,54937.2
MS,thread,2,scalar,2,45,27000,47.1078,573.2,0.0006,34.72,1.39,3.3,16699.4
MS,process,4,scalar,2,46,27000,17.3527,1556.0,0.0313,75.18,3.01,30.4,7630.8
MS,process,8,scalar,2,47,27000,11.6203,2323.5,0.0618,95.11,3.8,34.6,9627.1
MS,process,8,array,2,48,27000,14.9119,1810.6,0.0601,93.27,3.73,526.8,20946.9
MS,process,4,array,2,49,27000,19.6927,1371.1,0.0351,76.6,3.06,226.3,16534.4
MS,thread,16,array,2,50,27000,45.1095,598.5,0.001,46.42,1.86,-0.7,52398.7
MS,thread,1,array,2,51,27000,66.7277,404.6,0.0003,19.77,0.79,0.0,5843.3
MS,thread,16,scalar,2,52,27000,45.9403,587.7,0.0006,46.48,1.86,0.0,53754.1
MS,process,16,scalar,2,53,27000,12.1897,2215.0,0.1199,97.74,3.91,123.6,8983.7
MS,thread,4,scalar,2,54,27000,42.3024,638.3,0.0005,44.85,1.79,1.8,46905.5
MS,sequential,0,scalar,2,55,27000,64.8372,416.4,0.0,18.69,0.75,0.0,3322.0
MS,process,2,scalar,2,56,27000,36.414,741.5,0.0166,37.89,1.52,20.7,5331.4
MS,sequential,0,array,2,57,27000,66.2388,407.6,0.0,18.61,0.74,5.2,3240.5
MS,thread,4,array,2,58,27000,42.3541,637.5,0.0005,44.36,1.77,0.0,44190.1
MS,thread,1,scalar,2,59,27000,120.4166,224.2,0.0005,21.87,0.87,0.0,4137.2
MS,process,1,array,2,60,27000,120.4782,224.1,0.0198,19.61,0.78,165.8,5002.1
MS,thread,8,array,2,61,27000,70.8552,381.1,0.0007,43.76,1.75,0.0,37519.2
MS,thread,2,array,2,62,27000,61.0392,442.3,0.0009,30.15,1.21,0.9,14345.3
MS,process,1,scalar,2,63,27000,90.6875,297.7,0.009,16.83,0.67,18.2,3791.6
MS,process,16,array,2,64,27000,18.2168,1482.2,0.1847,93.18,3.73,1028.7,18911.7
MS,process,2,array,2,65,27000,42.6417,633.2,0.0241,45.11,1.8,128.5,9193.1
