dataset,cache,mode,workers,repeat,n_images,total_s,throughput_ips,read_mb_s,cpu_mean,busy_cores
RGB,warm,thread,8,0,27000,37.4056,721.8,2.3,44.59,1.78
RGB,warm,process,2,0,27000,28.0146,963.8,3.1,37.58,1.5
RGB,warm,process,4,0,27000,14.7254,1833.6,5.9,61.88,2.48
RGB,warm,process,1,0,27000,56.0272,481.9,1.6,18.01,0.72
RGB,warm,process,16,0,27000,8.6423,3124.2,10.1,95.22,3.81
RGB,warm,sequential,0,0,27000,56.779,475.5,1.5,17.63,0.71
RGB,warm,process,8,0,27000,8.0619,3349.1,10.9,91.38,3.66
RGB,cold,process,8,0,27000,19.0575,1416.8,4.6,61.17,2.45
RGB,cold,process,16,0,27000,11.0692,2439.2,7.9,90.04,3.6
RGB,cold,process,4,0,27000,29.3932,918.6,3.0,43.3,1.73
RGB,cold,process,2,0,27000,58.2196,463.8,1.5,26.66,1.07
RGB,cold,thread,8,0,27000,38.1124,708.4,2.3,45.94,1.84
RGB,cold,process,1,0,27000,126.7834,213.0,0.7,15.41,0.62
RGB,cold,sequential,0,0,27000,117.8288,229.1,0.7,14.69,0.59
RGB,warm,process,8,1,27000,8.2068,3290.0,10.7,91.97,3.68
RGB,warm,process,16,1,27000,8.5816,3146.3,10.2,96.05,3.84
RGB,warm,thread,8,1,27000,37.3612,722.7,2.3,44.34,1.77
RGB,warm,process,2,1,27000,27.6595,976.2,3.2,37.84,1.51
RGB,warm,process,4,1,27000,14.4585,1867.4,6.1,63.36,2.53
RGB,warm,sequential,0,1,27000,57.9822,465.7,1.5,17.98,0.72
RGB,warm,process,1,1,27000,55.59,485.7,1.6,18.02,0.72
RGB,cold,sequential,0,1,27000,113.795,237.3,0.8,13.51,0.54
RGB,cold,process,8,1,27000,19.5684,1379.8,4.5,72.32,2.89
RGB,cold,process,1,1,27000,126.7307,213.1,0.7,13.93,0.56
RGB,cold,process,16,1,27000,11.1735,2416.4,7.8,87.15,3.49
RGB,cold,process,2,1,27000,59.7371,452.0,1.5,23.7,0.95
RGB,cold,thread,8,1,27000,30.5957,882.5,2.9,47.15,1.89
RGB,cold,process,4,1,27000,29.9328,902.0,2.9,37.52,1.5
RGB,warm,process,16,2,27000,8.2167,3286.0,10.7,94.92,3.8
RGB,warm,process,1,2,27000,49.6436,543.9,1.8,17.33,0.69
RGB,warm,process,2,2,27000,23.7645,1136.1,3.7,36.47,1.46
RGB,warm,process,8,2,27000,7.895,3419.9,11.1,92.13,3.69
RGB,warm,sequential,0,2,27000,48.579,555.8,1.8,17.74,0.71
RGB,warm,thread,8,2,27000,28.0787,961.6,3.1,47.35,1.89
RGB,warm,process,4,2,27000,13.1671,2050.6,6.7,64.02,2.56
RGB,cold,process,8,2,27000,14.6174,1847.1,6.0,69.0,2.76
RGB,cold,sequential,0,2,27000,105.0446,257.0,0.8,12.83,0.51
RGB,cold,thread,8,2,27000,29.3388,920.3,3.0,47.08,1.88
RGB,cold,process,4,2,27000,27.6163,977.7,3.2,40.04,1.6
RGB,cold,process,1,2,27000,130.9532,206.2,0.7,13.47,0.54
RGB,cold,process,16,2,27000,12.5157,2157.3,7.0,90.13,3.61
RGB,cold,process,2,2,27000,62.6475,431.0,1.4,27.74,1.11
MS,warm,thread,8,0,27000,72.1845,374.0,38.3,42.6,1.7
MS,warm,process,2,0,27000,51.2333,527.0,53.9,38.71,1.55
MS,warm,process,4,0,27000,20.6053,1310.3,134.0,76.57,3.06
MS,warm,process,1,0,27000,97.488,277.0,28.3,18.99,0.76
MS,warm,process,16,0,27000,15.0758,1791.0,183.2,96.46,3.86
MS,warm,sequential,0,0,27000,89.5141,301.6,30.8,18.93,0.76
MS,warm,process,8,0,27000,15.3516,1758.8,179.9,90.75,3.63
MS,cold,process,8,0,27000,31.0388,869.9,89.0,61.26,2.45
MS,cold,process,16,0,27000,19.0552,1416.9,144.9,89.25,3.57
MS,cold,process,4,0,27000,50.1954,537.9,55.0,41.65,1.67
MS,cold,process,2,0,27000,101.4943,266.0,27.2,26.32,1.05
MS,cold,thread,8,0,27000,72.183,374.0,38.3,42.84,1.71
MS,cold,process,1,0,27000,203.7912,132.5,13.6,13.28,0.53
MS,cold,sequential,0,0,27000,203.5547,132.6,13.6,13.25,0.53
MS,warm,process,8,1,27000,15.8282,1705.8,174.5,96.21,3.85
MS,warm,process,16,1,27000,17.1691,1572.6,160.8,98.15,3.93
MS,warm,thread,8,1,27000,77.4912,348.4,35.6,42.56,1.7
MS,warm,process,2,1,27000,49.5184,545.3,55.8,38.87,1.55
MS,warm,process,4,1,27000,19.7639,1366.1,139.7,76.13,3.05
MS,warm,sequential,0,1,27000,90.7399,297.6,30.4,19.55,0.78
MS,warm,process,1,1,27000,107.5372,251.1,25.7,18.59,0.74
MS,cold,sequential,0,1,27000,206.7069,130.6,13.4,13.41,0.54
MS,cold,process,8,1,27000,28.6887,941.1,96.3,69.52,2.78
MS,cold,process,1,1,27000,210.1884,128.5,13.1,12.91,0.52
MS,cold,process,16,1,27000,19.8787,1358.2,138.9,89.85,3.59
MS,cold,process,2,1,27000,99.911,270.2,27.6,26.41,1.06
MS,cold,thread,8,1,27000,71.4393,377.9,38.7,42.47,1.7
MS,cold,process,4,1,27000,50.9218,530.2,54.2,43.3,1.73
MS,warm,process,16,2,27000,14.8934,1812.9,185.4,97.63,3.91
MS,warm,process,1,2,27000,93.1391,289.9,29.6,19.57,0.78
MS,warm,process,2,2,27000,56.1387,481.0,49.2,34.91,1.4
MS,warm,process,8,2,27000,14.0312,1924.3,196.8,93.27,3.73
MS,warm,sequential,0,2,27000,91.9229,293.7,30.0,19.61,0.78
MS,warm,thread,8,2,27000,84.9665,317.8,32.5,43.29,1.73
MS,warm,process,4,2,27000,33.7976,798.9,81.7,70.28,2.81
MS,cold,process,8,2,27000,29.5886,912.5,93.3,73.5,2.94
MS,cold,sequential,0,2,27000,227.6141,118.6,12.1,14.62,0.58
MS,cold,thread,8,2,27000,68.7571,392.7,40.2,42.97,1.72
MS,cold,process,4,2,27000,45.5257,593.1,60.7,43.61,1.74
MS,cold,process,1,2,27000,185.1037,145.9,14.9,12.17,0.49
MS,cold,process,16,2,27000,15.6197,1728.6,176.8,85.74,3.43
MS,cold,process,2,2,27000,93.6326,288.4,29.5,20.16,0.81
